PackageName,SPDXID,PackageDownloadLocation,FilesAnalyzed,PackageLicenseConcluded,PackageLicenseDeclared,PackageCopyrightText,PackageChecksum
N/A,SPDXRef-File-c6fba34fd680b8fc7c20b1575383a1fb02d200bd,N/A,N/A,N/A,N/A,N/A,
k8s.gcr.io/kube-controller-manager-arm64:v1.23.0-alpha.3,SPDXRef-Package-k8s.gcr.io-kube-controller-manager-arm64-v1.23.0-alpha.3,NONE,false,NOASSERTION,NOASSERTION,NOASSERTION,
a44910e96949dcc99620f35a0ab5e841932a59a2bc9d910c3587f76e2589074c/layer.tar,SPDXRef-Package-k8s.gcr.io-kube-controller-manager-arm64-v1.23.0-alpha.3-a44910e96949dcc99620f35a0ab5e841932a59a2bc9d910c3587f76e2589074c-layer.tar,NONE,false,NOASSERTION,NOASSERTION,NOASSERTION,"SHA1: a6906334d213ef8e15aa4e6482e0caaad16896b2, SHA256: ea25057cf4ebd031fa6d895640995f9f3915d4d05a72f130378dc17dfffd62c2, SHA512: ccb92f9dba2e96fb8c99a1b499e34a30f344399e9978c3f48906e24da2d4dc8bcd7fa059940831f09706d4bdeca5b2dd0f91fce0fc15fc022c7b9320b14f0877"
0ad2c1e2600e80151cbb6afb1214527ef8d7537667e573f36c87d92bb078ff30/layer.tar,SPDXRef-Package-k8s.gcr.io-kube-controller-manager-arm64-v1.23.0-alpha.3-0ad2c1e2600e80151cbb6afb1214527ef8d7537667e573f36c87d92bb078ff30-layer.tar,NONE,false,NOASSERTION,NOASSERTION,NOASSERTION,"SHA1: b2c1e834551eb9ec70c9172c6cd205f49f2b767b, SHA256: b70b6f2b410a1866ce26c522cff06f6f7d1c755838168f62643be0e9a6638184, SHA512: ecead7152c638b55aa5a104832e72652d527c3b792c714589324507f28bad5272e4d8be88616582eba030c86a67d8e80a6e796d012af6f677e16ecf90a258710"
f0b7ceebbd73d865b19d2e6ccdc69f69ca72714c320a7ec15d20bb66b61d1249/layer.tar,SPDXRef-Package-k8s.gcr.io-kube-controller-manager-arm64-v1.23.0-alpha.3-f0b7ceebbd73d865b19d2e6ccdc69f69ca72714c320a7ec15d20bb66b61d1249-layer.tar,NONE,false,NOASSERTION,NOASSERTION,NOASSERTION,"SHA1: 3e0833e63614c92f92b847de57c98be2a0c9988d, SHA256: ebc2b8130d93ac069357ab0708f654df81c0cf38aff78248275dc55bf84d262a, SHA512: dfc04788f6ba5bc079029980d92cbc88ef3ed4b026bc65ad24f2fb33611f9b6bd387dbdb10a77c378e9cb0b3665231a07e4e2bd4978c15678f5d1d25ad26f94e"
k8s.gcr.io/kube-proxy-arm64:v1.23.0-alpha.3,SPDXRef-Package-k8s.gcr.io-kube-proxy-arm64-v1.23.0-alpha.3,NONE,false,NOASSERTION,NOASSERTION,NOASSERTION,
525a6a5c741823a68c762df715c3d7afb97137a001388dc1d5b192ea3625f348/layer.tar,SPDXRef-Package-k8s.gcr.io-kube-proxy-arm64-v1.23.0-alpha.3-525a6a5c741823a68c762df715c3d7afb97137a001388dc1d5b192ea3625f348-layer.tar,NONE,false,NOASSERTION,NOASSERTION,NOASSERTION,"SHA1: 7a850ed8392aaee2e668372a04ffe9e69bd715ba, SHA256: d172dc0eb914c5c21e332eb49fb4fc41565d2bdf6c4179ef935270c9bdd61779, SHA512: c71135ba78ce9a3c3f2aff3ae56be825718d5c3b1d52e3b732b405fe7b214bdaec06c1b86f404d107f2f8394ceab4bc7823eae4ee0df423046a0c2e897616538"
f32071f7209964cd6420b3233856d8e31882de56a5997fc2c9a669fc9ef61bca/layer.tar,SPDXRef-Package-k8s.gcr.io-kube-proxy-arm64-v1.23.0-alpha.3-f32071f7209964cd6420b3233856d8e31882de56a5997fc2c9a669fc9ef61bca-layer.tar,NONE,false,NOASSERTION,NOASSERTION,NOASSERTION,"SHA1: 8519b767c8e18632503f630b5c2710a00be55edd, SHA256: b0533fe1e6be8ec6a4bc8d2436c90b2f41f6133695a6bb2b55bde1e2ff523928, SHA512: f47fd0a2c6e17884ae1cd3badbb5335c281b505ea02ca14ad65c46e5a9460cf176057faf13dab81ba8f5d64b9e36827b4257fff756ada47fad66affb091c5169"
k8s.gcr.io/conformance-ppc64le:v1.23.0-alpha.3,SPDXRef-Package-k8s.gcr.io-conformance-ppc64le-v1.23.0-alpha.3,NONE,false,NOASSERTION,NOASSERTION,NOASSERTION,
68bfd4985b44e1afadb7a378ceb83ba1cfd34bfff31a60a4fdc5dd31150fb978/layer.tar,SPDXRef-Package-k8s.gcr.io-conformance-ppc64le-v1.23.0-alpha.3-68bfd4985b44e1afadb7a378ceb83ba1cfd34bfff31a60a4fdc5dd31150fb978-layer.tar,NONE,false,NOASSERTION,NOASSERTION,NOASSERTION,"SHA1: 761b5972832fb3e7ad611cb6ff90898d61d0b15e, SHA256: 5a047c690755659ce31fd0af7dbf1d9a50c34a92add97f93dc83bdb29406a4f6, SHA512: c037495011b67da964389b2c18c14ab8ec8bd6915cf25b0948c94c0053d53bb2b107d5131bc704d4563b3d7909c1f6a54358d299b54ea11eb24672ad915e39dc"
20689ca09b2f26002ce002ac490a91e22d524490f9fc8df701100cf39e9bfbac/layer.tar,SPDXRef-Package-k8s.gcr.io-conformance-ppc64le-v1.23.0-alpha.3-20689ca09b2f26002ce002ac490a91e22d524490f9fc8df701100cf39e9bfbac-layer.tar,NONE,false,NOASSERTION,NOASSERTION,NOASSERTION,"SHA1: 86c93fb4e1c346579579dd6eba8cdca59251fce3, SHA256: 7a635bce7ea82ed56fa904daf7dc02eab4f1890e1405bfac741e011b6517678c, SHA512: 07ead16b8abae7df44cc354ab5f93d8902682b938ae27a7fe6fd27c3221461e19d2807ca73ae08379fae064111d2a7b679c71998fafcf0aaf08289befeaf2d83"
7c5b7aa981b38b2b7a78eb248cc08777f60d7fe7c2784e3a816f8ee1c4cdbc2e/layer.tar,SPDXRef-Package-k8s.gcr.io-conformance-ppc64le-v1.23.0-alpha.3-7c5b7aa981b38b2b7a78eb248cc08777f60d7fe7c2784e3a816f8ee1c4cdbc2e-layer.tar,NONE,false,NOASSERTION,NOASSERTION,NOASSERTION,"SHA1: 07a5dfbe79a9b3f3c9051cf9996fd3bc3d8738d6, SHA256: f8f70eaa3bb1aebc8639070d0588b1f7a202c9a46032d45ff35fe38f369691ac, SHA512: f4b2cb2f4b5f939b6e1a55fa23d95a05afaaba29c63e18c123776c50afe7379b2d7951868655fe614c61c6ad7bb5cb17d2c3c63250fd01ee31f6607b8d521d07"
fb01f2ee69152565a9250bfe0c9883e4b3158bbad92ac7c57b9a08ffa37ee2ac/layer.tar,SPDXRef-Package-k8s.gcr.io-conformance-ppc64le-v1.23.0-alpha.3-fb01f2ee69152565a9250bfe0c9883e4b3158bbad92ac7c57b9a08ffa37ee2ac-layer.tar,NONE,false,NOASSERTION,NOASSERTION,NOASSERTION,"SHA1: d1d398a657e94b27e1f8c6888b9b258127c6e948, SHA256: 2717480da7495f4893a6d069701a5d0a3ae2f4bd2bfe1d2c5a1bf5d14262c9bd, SHA512: db85626e2a586f6609c54973131e5304a40f1589b1bf3ec6203080ef310e1dadc347ea4b597479c305d5fef6c343f4e253411cd7c1654f4ad9dc91fb51f55c0f"
01c5a86e3003a3e63e6580e8e3dad8dc90543f040ac9a92c044293f5a4092799/layer.tar,SPDXRef-Package-k8s.gcr.io-conformance-ppc64le-v1.23.0-alpha.3-01c5a86e3003a3e63e6580e8e3dad8dc90543f040ac9a92c044293f5a4092799-layer.tar,NONE,false,NOASSERTION,NOASSERTION,NOASSERTION,"SHA1: cd3185019ae7c01767c84a24358719290b0a840d, SHA256: 077f89a9c3c06e8fe5cb8ff4db3c0f603d40cb1b4e32aa120feab419e7701c2d, SHA512: 9e6d74aa848bd2a18aa937ed3efbfc4d9b70ce801194d37cc22a3933036b03cd3fc939c51093d9a77c7f4a7b0fe1b087807adea1b9471302882e3ac5b5907095"
0f6959c44742acd68cdc0947e94f4669f5db957b4f65ca90d47e1dd1c9456191/layer.tar,SPDXRef-Package-k8s.gcr.io-conformance-ppc64le-v1.23.0-alpha.3-0f6959c44742acd68cdc0947e94f4669f5db957b4f65ca90d47e1dd1c9456191-layer.tar,NONE,false,NOASSERTION,NOASSERTION,NOASSERTION,"SHA1: e69694845034a09227e8c45435a015a91be4a0d1, SHA256: 2dfa904af06ffa17990ebcc7fd7b3862cee861728b5121c1a34c566cdb4364df, SHA512: b64bf4a4c66c84b8b333c6fb3f3d78cbb79e93a7597f6277a5ed67034b0c5071d324185509d3f351e1006268eee0059b60397d05277395345b4c1454fe5b144f"
8e02f34411d66133f72e80552af70b6c771a78ed9e8861a630e21122f07831f8/layer.tar,SPDXRef-Package-k8s.gcr.io-conformance-ppc64le-v1.23.0-alpha.3-8e02f34411d66133f72e80552af70b6c771a78ed9e8861a630e21122f07831f8-layer.tar,NONE,false,NOASSERTION,NOASSERTION,NOASSERTION,"SHA1: 3385c7d043eda5f853902019fd7af7514a7ca326, SHA256: 6b8c6f8474957ed21cd0581bb8ffb3c307109650cee8e58684299d96d714361c, SHA512: 1ca2c4fbfef4e13a524d0a99638e0f14754c6c5766ca0527245226ba5a68f8e24c4e7d5241e7f887b56b4258b60383ccc697aae1a4712858edbc700254a3205c"
e3945fc5f7bacdc201e0b0f57fc5a5990f1c38938b2e9c4a8a30b7af3b36a864/layer.tar,SPDXRef-Package-k8s.gcr.io-conformance-ppc64le-v1.23.0-alpha.3-e3945fc5f7bacdc201e0b0f57fc5a5990f1c38938b2e9c4a8a30b7af3b36a864-layer.tar,NONE,false,NOASSERTION,NOASSERTION,NOASSERTION,"SHA1: a03a0e2bd6beff5f725abd71a79dd9c3d3395080, SHA256: 3320d57d1cbbeae73b06ec5a3272c922a1a4a1fe402de9e378f0d6a2ad6a33be, SHA512: 477e42fcd09a9d14e163e023c4f10cd857e7f570c8d37e8d5bc826c7f2e9f50cc2a14edb0b809c422552dc47f0bcdea58ab762f6c07fdab00baf8a96228cd957"
b816379b647aac25571e83c940c79873427376021a249f2018a3ec05c5d1aa72/layer.tar,SPDXRef-Package-k8s.gcr.io-conformance-ppc64le-v1.23.0-alpha.3-b816379b647aac25571e83c940c79873427376021a249f2018a3ec05c5d1aa72-layer.tar,NONE,false,NOASSERTION,NOASSERTION,NOASSERTION,"SHA1: e7f4f51b438aee2fb19125d0abb66bd6c44af080, SHA256: ba5e2697c1dd07cf88bb79f02db511f73e5a34c90109556f42c29dae357b2cb2, SHA512: 9e9e854abfbc9ea5950d08c62aaa4e30e2d66f7e882d5c0773bef2a45a586e1a86e0714616386223e0f9a99e1f79835de713975bae44134841bc4b028dcac56b"
1762751aa236b8137adb21f7dfdbc0a10738446ae1d11f4a8b9252d2b7ff0978/layer.tar,SPDXRef-Package-k8s.gcr.io-conformance-ppc64le-v1.23.0-alpha.3-1762751aa236b8137adb21f7dfdbc0a10738446ae1d11f4a8b9252d2b7ff0978-layer.tar,NONE,false,NOASSERTION,NOASSERTION,NOASSERTION,"SHA1: 240ac1e83a3b37f2324b22fc7a9aba8af6b57825, SHA256: d8dc8b770f40e6cc6e95031b593d5fed9e3a0877387d75b34b435f4b9938c827, SHA512: 00ec55ecfdb324c80495c1d1240e458b65cd0a08fcbe9f0cd529089918c2401d8a8437f3191efad8e3e425031a4ab6e20b6f1d06c4e34d89c0eb67d139dfa128"
k8s.gcr.io/kube-controller-manager-ppc64le:v1.23.0-alpha.3,SPDXRef-Package-k8s.gcr.io-kube-controller-manager-ppc64le-v1.23.0-alpha.3,NONE,false,NOASSERTION,NOASSERTION,NOASSERTION,
68bfd4985b44e1afadb7a378ceb83ba1cfd34bfff31a60a4fdc5dd31150fb978/layer.tar,SPDXRef-Package-k8s.gcr.io-kube-controller-manager-ppc64le-v1.23.0-alpha.3-68bfd4985b44e1afadb7a378ceb83ba1cfd34bfff31a60a4fdc5dd31150fb978-layer.tar,NONE,false,NOASSERTION,NOASSERTION,NOASSERTION,"SHA1: 761b5972832fb3e7ad611cb6ff90898d61d0b15e, SHA256: 5a047c690755659ce31fd0af7dbf1d9a50c34a92add97f93dc83bdb29406a4f6, SHA512: c037495011b67da964389b2c18c14ab8ec8bd6915cf25b0948c94c0053d53bb2b107d5131bc704d4563b3d7909c1f6a54358d299b54ea11eb24672ad915e39dc"
4b23cc7e70640968cd0fc0fa176badd319339dacc80bc13cc9716230070c30af/layer.tar,SPDXRef-Package-k8s.gcr.io-kube-controller-manager-ppc64le-v1.23.0-alpha.3-4b23cc7e70640968cd0fc0fa176badd319339dacc80bc13cc9716230070c30af-layer.tar,NONE,false,NOASSERTION,NOASSERTION,NOASSERTION,"SHA1: 19820eef6ecb1c8677a725cffa4789b4db676830, SHA256: ba4e15ad7c717521ee9c6dc43037b13c36d575b1113a4a86e809da99d14d3866, SHA512: 58ddf5e2d4b5c470800c11b0f64df439fc157ee65470272b5e71084226c741e18b2be46915b8e9eee8fd6a14de7f8621e80431672c3bcd9fe91d77b0ec9e9133"
ea47317d782f982f8e1650893143a289af8572731bd57864b1ba8707f4f21b9f/layer.tar,SPDXRef-Package-k8s.gcr.io-kube-controller-manager-ppc64le-v1.23.0-alpha.3-ea47317d782f982f8e1650893143a289af8572731bd57864b1ba8707f4f21b9f-layer.tar,NONE,false,NOASSERTION,NOASSERTION,NOASSERTION,"SHA1: acc5db826db71c4f2de02ab0ba5f905154dff879, SHA256: e2e7b096145bf5760e212d34447da688cbffdb35fe3605bdde09cd7100166b97, SHA512: 035647e08692b9519998d0b2c8dff6160e8b71b4ac79d6d04c92a5c011d3138fd8e88ca890fbfed16992f7fa07aad84d8444e39f38d3aa4a39fa93b0560421d7"
k8s.gcr.io/kube-apiserver-amd64:v1.23.0-alpha.3,SPDXRef-Package-k8s.gcr.io-kube-apiserver-amd64-v1.23.0-alpha.3,NONE,false,NOASSERTION,NOASSERTION,NOASSERTION,
fc2329a47527c02a7d3234a1bc0479dfb0a8ad1c700ef48fda840907544ff8ce/layer.tar,SPDXRef-Package-k8s.gcr.io-kube-apiserver-amd64-v1.23.0-alpha.3-fc2329a47527c02a7d3234a1bc0479dfb0a8ad1c700ef48fda840907544ff8ce-layer.tar,NONE,false,NOASSERTION,NOASSERTION,NOASSERTION,"SHA1: ea6c28cede9068b65420431697846382040477a4, SHA256: 857ac041edf6c8fc5240579723523dbfe2ecc2b80ba1c3b73b055a60d0dd92f5, SHA512: 4d79a5abe573674118a8753120ab22248cbc51ea53707156d7a4de67cd04ea0375dc8e8864f8540fcea8878354293ba4838425925e9824a9a8980cc842c560cd"
e8081fc370bda6cc9d7ec0b3f3eb73587d9e001650ac8e8c0fab9bcbc9fd0447/layer.tar,SPDXRef-Package-k8s.gcr.io-kube-apiserver-amd64-v1.23.0-alpha.3-e8081fc370bda6cc9d7ec0b3f3eb73587d9e001650ac8e8c0fab9bcbc9fd0447-layer.tar,NONE,false,NOASSERTION,NOASSERTION,NOASSERTION,"SHA1: 31688e43ca9ed0de913a9619d4a8ff200a5ebafd, SHA256: 32d4f8fa3eeaaaff3931bfaeee3c4f09f80fb3ac07024fbf13cc4a62ba963fed, SHA512: 73ac026b38279cfc81544eae035167e778c221820f8512bc4d99c000791ff76eae2a005f24c5c2615b1d43024f3ba2409e11530ee0f02a9dc05418647333d7b5"
5ba1d73740c6f03fa945a7573292dac21d26a4401ae43179acf8bcd414707b13/layer.tar,SPDXRef-Package-k8s.gcr.io-kube-apiserver-amd64-v1.23.0-alpha.3-5ba1d73740c6f03fa945a7573292dac21d26a4401ae43179acf8bcd414707b13-layer.tar,NONE,false,NOASSERTION,NOASSERTION,NOASSERTION,"SHA1: 7b23bade427c756c6b3df3d606921807ae5ab225, SHA256: 75de9214c7e6541b1bad93b9da435f3d57424905db5a052b4bcb9a663ba62c0e, SHA512: 7b97ccf203f4bbb604fbb9e4935c6639d9045f38fd39c83221f0de4ab1736b1e4aac7401194c87f5cd13d4d4afa57d0dec04a2a542cd613bd74032b3e3042a5f"
k8s.gcr.io/kube-controller-manager-amd64:v1.23.0-alpha.3,SPDXRef-Package-k8s.gcr.io-kube-controller-manager-amd64-v1.23.0-alpha.3,NONE,false,NOASSERTION,NOASSERTION,NOASSERTION,
fc2329a47527c02a7d3234a1bc0479dfb0a8ad1c700ef48fda840907544ff8ce/layer.tar,SPDXRef-Package-k8s.gcr.io-kube-controller-manager-amd64-v1.23.0-alpha.3-fc2329a47527c02a7d3234a1bc0479dfb0a8ad1c700ef48fda840907544ff8ce-layer.tar,NONE,false,NOASSERTION,NOASSERTION,NOASSERTION,"SHA1: ea6c28cede9068b65420431697846382040477a4, SHA256: 857ac041edf6c8fc5240579723523dbfe2ecc2b80ba1c3b73b055a60d0dd92f5, SHA512: 4d79a5abe573674118a8753120ab22248cbc51ea53707156d7a4de67cd04ea0375dc8e8864f8540fcea8878354293ba4838425925e9824a9a8980cc842c560cd"
e8081fc370bda6cc9d7ec0b3f3eb73587d9e001650ac8e8c0fab9bcbc9fd0447/layer.tar,SPDXRef-Package-k8s.gcr.io-kube-controller-manager-amd64-v1.23.0-alpha.3-e8081fc370bda6cc9d7ec0b3f3eb73587d9e001650ac8e8c0fab9bcbc9fd0447-layer.tar,NONE,false,NOASSERTION,NOASSERTION,NOASSERTION,"SHA1: 31688e43ca9ed0de913a9619d4a8ff200a5ebafd, SHA256: 32d4f8fa3eeaaaff3931bfaeee3c4f09f80fb3ac07024fbf13cc4a62ba963fed, SHA512: 73ac026b38279cfc81544eae035167e778c221820f8512bc4d99c000791ff76eae2a005f24c5c2615b1d43024f3ba2409e11530ee0f02a9dc05418647333d7b5"
3942d1fdfb95009c4d1ba0739af25677603a6cc3518fa3920656192cea6cd415/layer.tar,SPDXRef-Package-k8s.gcr.io-kube-controller-manager-amd64-v1.23.0-alpha.3-3942d1fdfb95009c4d1ba0739af25677603a6cc3518fa3920656192cea6cd415-layer.tar,NONE,false,NOASSERTION,NOASSERTION,NOASSERTION,"SHA1: 08339963c9dc6f75a3066cb90bd3b9eec5bd2564, SHA256: 3963c77841f6ed4641a653f8dc4a2d5c37561c271fc05f942ffaf29b6470d911, SHA512: 549dec049c6bac77ad33fe03e0ed8a8fc8151cab53cd0889a3f65ec1e7ab023f44742e535ffe2772fa51900288cdb2583586d751d2f7bff8e37c8dd76cf8108b"
k8s.gcr.io/kube-scheduler-amd64:v1.23.0-alpha.3,SPDXRef-Package-k8s.gcr.io-kube-scheduler-amd64-v1.23.0-alpha.3,NONE,false,NOASSERTION,NOASSERTION,NOASSERTION,
fc2329a47527c02a7d3234a1bc0479dfb0a8ad1c700ef48fda840907544ff8ce/layer.tar,SPDXRef-Package-k8s.gcr.io-kube-scheduler-amd64-v1.23.0-alpha.3-fc2329a47527c02a7d3234a1bc0479dfb0a8ad1c700ef48fda840907544ff8ce-layer.tar,NONE,false,NOASSERTION,NOASSERTION,NOASSERTION,"SHA1: ea6c28cede9068b65420431697846382040477a4, SHA256: 857ac041edf6c8fc5240579723523dbfe2ecc2b80ba1c3b73b055a60d0dd92f5, SHA512: 4d79a5abe573674118a8753120ab22248cbc51ea53707156d7a4de67cd04ea0375dc8e8864f8540fcea8878354293ba4838425925e9824a9a8980cc842c560cd"
e8081fc370bda6cc9d7ec0b3f3eb73587d9e001650ac8e8c0fab9bcbc9fd0447/layer.tar,SPDXRef-Package-k8s.gcr.io-kube-scheduler-amd64-v1.23.0-alpha.3-e8081fc370bda6cc9d7ec0b3f3eb73587d9e001650ac8e8c0fab9bcbc9fd0447-layer.tar,NONE,false,NOASSERTION,NOASSERTION,NOASSERTION,"SHA1: 31688e43ca9ed0de913a9619d4a8ff200a5ebafd, SHA256: 32d4f8fa3eeaaaff3931bfaeee3c4f09f80fb3ac07024fbf13cc4a62ba963fed, SHA512: 73ac026b38279cfc81544eae035167e778c221820f8512bc4d99c000791ff76eae2a005f24c5c2615b1d43024f3ba2409e11530ee0f02a9dc05418647333d7b5"
1512278efd6df431babd6fa7729424c4a1229bd6c3ec14a8bf7cb72bd0ff7144/layer.tar,SPDXRef-Package-k8s.gcr.io-kube-scheduler-amd64-v1.23.0-alpha.3-1512278efd6df431babd6fa7729424c4a1229bd6c3ec14a8bf7cb72bd0ff7144-layer.tar,NONE,false,NOASSERTION,NOASSERTION,NOASSERTION,"SHA1: 3df1c7ecfc4649ee546bbae7d07563d6b1a9cc24, SHA256: 465ad8daaccdd9d6287419e72aa05b452ffb19c717910fde91c60b8ba9d4b93b, SHA512: 9aecc6c04c0b67e3bf6dc6d9bc793f972aae2ebcb9b6b3cfff2dedc51c5c0061a1f73062e3dc99710e2e564bcf70d3fed8231f5ae9c97e4383ac3ef033f408e2"
k8s.gcr.io/conformance-arm:v1.23.0-alpha.3,SPDXRef-Package-k8s.gcr.io-conformance-arm-v1.23.0-alpha.3,NONE,false,NOASSERTION,NOASSERTION,NOASSERTION,
a987f5fbd5be920d17ec4dc6e885c666829f7c813a0bbabe1d232464bd92a95c/layer.tar,SPDXRef-Package-k8s.gcr.io-conformance-arm-v1.23.0-alpha.3-a987f5fbd5be920d17ec4dc6e885c666829f7c813a0bbabe1d232464bd92a95c-layer.tar,NONE,false,NOASSERTION,NOASSERTION,NOASSERTION,"SHA1: e1b8cda7a92f42f00ff7d8f5449e6ba37879a168, SHA256: 4bb1ab0576e2247166e8eb01c7381ab0ac45e2e4e20c36b3fd1f85c7f6364b48, SHA512: 500cc05e9807fe5c37c59413fac9a5a18630fdd865f93cfe28a688919c6cbc52b25b771252a27b428b6883f5a238657115591d55f9c371f95aeab77b5a93ffd1"
bc65af677d4a6a1f04abd3d480f196ab209c4212ee1ae848bba90c3d3411af80/layer.tar,SPDXRef-Package-k8s.gcr.io-conformance-arm-v1.23.0-alpha.3-bc65af677d4a6a1f04abd3d480f196ab209c4212ee1ae848bba90c3d3411af80-layer.tar,NONE,false,NOASSERTION,NOASSERTION,NOASSERTION,"SHA1: 745357cba5c657103f1da72d268937a338fc1d5b, SHA256: 7418bd3b20f494201363e2adef416be521b26b4bbb8a12a81293cbb5c42687c6, SHA512: fa946ae75ce6ab07ac52528b748e6f4dadcb35028fecac5b5c1ae17104360076eadd603d72fdc80536d63035e1abb8e21e6738d03edccd4f0e350576765f12a5"
6c4370ce15f96667f88dc3f6778a341b29e2ffa40a8757cbae8d9c2e6adb5832/layer.tar,SPDXRef-Package-k8s.gcr.io-conformance-arm-v1.23.0-alpha.3-6c4370ce15f96667f88dc3f6778a341b29e2ffa40a8757cbae8d9c2e6adb5832-layer.tar,NONE,false,NOASSERTION,NOASSERTION,NOASSERTION,"SHA1: cedb40c11c77bdd4a09d45dead7b329ada2c022d, SHA256: 27cd61d4b743e9bad6733d0261b6e7bf49f38fa3116d0625e15497d520e5fa84, SHA512: fc9ebb055050e0311d2e9074d3888305f19efa7f39479427574e9ce5d02d72bf0eed6289007411889c218aa4a4152446a30d89a758aad397ca0d87afc65e3bbe"
c19cd720313917c5a06d65c80502815ee206c9952514704ebc39a4e3342809cb/layer.tar,SPDXRef-Package-k8s.gcr.io-conformance-arm-v1.23.0-alpha.3-c19cd720313917c5a06d65c80502815ee206c9952514704ebc39a4e3342809cb-layer.tar,NONE,false,NOASSERTION,NOASSERTION,NOASSERTION,"SHA1: 6e05dbb5e6598b2e9dc4f18bab5619f7d8fa94bd, SHA256: 4476e1f069ae35128f182d1a05c6193ac1a0407dc28ebf0cb41c535043b8bdaa, SHA512: 6e3d047a3c7c940e3365e17170237f0548b6228ebb0e90ca63e88a0992a10f426c313fff79ba32eba4eef8fec150c10b6b9fb309375343364a4f63e423bc7712"
9a4fa14cc196bab933d3327d3a52fb26b1b2a9afe132853bd6e9e151f1bbb070/layer.tar,SPDXRef-Package-k8s.gcr.io-conformance-arm-v1.23.0-alpha.3-9a4fa14cc196bab933d3327d3a52fb26b1b2a9afe132853bd6e9e151f1bbb070-layer.tar,NONE,false,NOASSERTION,NOASSERTION,NOASSERTION,"SHA1: 4791768e3e1dda3da304b1f2e9201752b0f29aa7, SHA256: a3e2d8e4193f9923ef1e6683cf194a7572f46e3be36e597e0bf535bc373dac03, SHA512: 45473ba33e8e754d94f6cd4e9c7fbbf65f63c95289366bc97e5d16e66786ab8be8807d23a2db61ac9725846d9845414c4c4b41951c3a8390a03a862700c1da33"
c96caf3b7c319cb0bad663e2974fa64567f81c01a586687c78985955baf9ea2b/layer.tar,SPDXRef-Package-k8s.gcr.io-conformance-arm-v1.23.0-alpha.3-c96caf3b7c319cb0bad663e2974fa64567f81c01a586687c78985955baf9ea2b-layer.tar,NONE,false,NOASSERTION,NOASSERTION,NOASSERTION,"SHA1: 59b71ed9e8f27dc06eb3fb7dce08dc077082c240, SHA256: 30424b285100e2807f5a43e7cf1f0b94bc33ac4c16cda406eaa857a1fff90c23, SHA512: 6ee6a2e327cc7b38698a71203b6d84070884e8622d6e9358b59f939f20dc0715ee941a7e984004a101dcbcd36a0339eda0efbc5b70e3233c4936deeed6640ec8"
f2d260c80afb49b57b3162fdbcb45fe4089f2bc416de8d199a5ae626b88f8cee/layer.tar,SPDXRef-Package-k8s.gcr.io-conformance-arm-v1.23.0-alpha.3-f2d260c80afb49b57b3162fdbcb45fe4089f2bc416de8d199a5ae626b88f8cee-layer.tar,NONE,false,NOASSERTION,NOASSERTION,NOASSERTION,"SHA1: 6e57b57665e9d9c63cafe61736d77665df4ec149, SHA256: 723cb9abe365cec7e4debf47054257e022c22e2a9981ef954110bf6cabd7d953, SHA512: a7932a5027f0a455e3a365d7234bde2f5eb2ed41fef1d3a89db9548300dbbc4c86af8a82fbc5bf0f6bbe7b2ed0250a4d346356c9b63fe415eecb45850ff7be67"
e6ef407c0b4b434281ca4d31a1fb2c844b8748fc0075a4b4728744eb6794b8fa/layer.tar,SPDXRef-Package-k8s.gcr.io-conformance-arm-v1.23.0-alpha.3-e6ef407c0b4b434281ca4d31a1fb2c844b8748fc0075a4b4728744eb6794b8fa-layer.tar,NONE,false,NOASSERTION,NOASSERTION,NOASSERTION,"SHA1: 489593d0ea730992a31886e64da4ec1bc2494da6, SHA256: c2c2ace8c9a677d2057454615d188df1b08cbe5566fce0847c16f96f5039672c, SHA512: 09f5193131597e05c6f5b7a18df95409bdf27155af5fc9ad75247ad85f3284e063126d8d2c000f64384efdbc8a417e1b4ea07eeda0cda2eb339f937f669963f9"
65e310e6296686e4440e4002f828a7fd0e1aef1d72b02a9f7be61055419c5297/layer.tar,SPDXRef-Package-k8s.gcr.io-conformance-arm-v1.23.0-alpha.3-65e310e6296686e4440e4002f828a7fd0e1aef1d72b02a9f7be61055419c5297-layer.tar,NONE,false,NOASSERTION,NOASSERTION,NOASSERTION,"SHA1: 5db73e387cba0a3e3a6534791c7cbe73ad8ee202, SHA256: 38424f11f714931cc95fa28e111a5554da9eb41835c748400dbe40e8528c0576, SHA512: 5b16d550fcb8b3d4baad44e8bd8554fac2e988385edd7b792108745e64622e7c8d9651fd5bc3f4d530661cc46be12593cec011eba4809891fe69e5a9a7b4c5bb"
27e9d7928945bbfc16ffeded67825bb5d258b65c4fd901b316f8437d7b825ea6/layer.tar,SPDXRef-Package-k8s.gcr.io-conformance-arm-v1.23.0-alpha.3-27e9d7928945bbfc16ffeded67825bb5d258b65c4fd901b316f8437d7b825ea6-layer.tar,NONE,false,NOASSERTION,NOASSERTION,NOASSERTION,"SHA1: 29c04a7ab2a299ceed0d6aceb1d67fc772e58226, SHA256: d5cf3cd4d9de3381b7ca15241fc13b76b476d7583eca4e8bba9bbfacf93c3bce, SHA512: 5c561ce3c1f0457d038ed04fe76a23f7889c748afd1579ccb863ed55553149af7f95e27fcc5f0162e2dd171ac0fc81b7aeeb35718b6d1f4f118967817a5a51f1"
k8s.gcr.io/kube-proxy-ppc64le:v1.23.0-alpha.3,SPDXRef-Package-k8s.gcr.io-kube-proxy-ppc64le-v1.23.0-alpha.3,NONE,false,NOASSERTION,NOASSERTION,NOASSERTION,
14d230742ec4fcb9bf190771d9539b7844898fc381b808a11d9d934099d3b82d/layer.tar,SPDXRef-Package-k8s.gcr.io-kube-proxy-ppc64le-v1.23.0-alpha.3-14d230742ec4fcb9bf190771d9539b7844898fc381b808a11d9d934099d3b82d-layer.tar,NONE,false,NOASSERTION,NOASSERTION,NOASSERTION,"SHA1: f7118d6e1e7dc709353f451db5d29054bb969851, SHA256: 799be906fbd95cd3beca768b2626a6b4eff0146f4e40c77e60e22c22d69e45b3, SHA512: 347cdaa4501c29e99a96fa8b98bc2de4e05aed6432cf998ce8496967af19448bfda3252d23e55b9c862613c45ca98c8539b080ddfe9555c0c29dc4ae0dba39c3"
48112649381652bb677752450db916d4a9b9ee9d041da52f2321292992dd312a/layer.tar,SPDXRef-Package-k8s.gcr.io-kube-proxy-ppc64le-v1.23.0-alpha.3-48112649381652bb677752450db916d4a9b9ee9d041da52f2321292992dd312a-layer.tar,NONE,false,NOASSERTION,NOASSERTION,NOASSERTION,"SHA1: fd7027821b30f4e4b7776ad9ce485f98e19da6a7, SHA256: bbb89167b454fad5a19d32e5ccb674841c9caccbd0c210307def0f38e4ecbec8, SHA512: 13aa73299c8bbe9ea0cca73f5fee862d863a3abd7a245150e86a988fd632c82e18ecd2834192c4f72c9a705d4895a52fe12c1766fa829d2628b987986bcc9a55"
k8s.gcr.io/conformance-s390x:v1.23.0-alpha.3,SPDXRef-Package-k8s.gcr.io-conformance-s390x-v1.23.0-alpha.3,NONE,false,NOASSERTION,NOASSERTION,NOASSERTION,
fe0068ba290f132f5b397c7e4fe2d3729717985b80c79275f9307d1ecf04b79d/layer.tar,SPDXRef-Package-k8s.gcr.io-conformance-s390x-v1.23.0-alpha.3-fe0068ba290f132f5b397c7e4fe2d3729717985b80c79275f9307d1ecf04b79d-layer.tar,NONE,false,NOASSERTION,NOASSERTION,NOASSERTION,"SHA1: 09c3ed745633a7521d9a7ffc1829c21b968407e7, SHA256: f9755cb0ad7757b9d73f91483c249ecc812def350f8d473396e4430dce558fe1, SHA512: 307660f093683f733e1883cc8d259f924dfea377bcd05c00bb24847a183faee0df76f28f2252925af484f2c0e94e9eb39fa7d4db88d89765fa132b2ab04328ac"
ab0b561ea9185a8bff093ed2c0869a423319ed0a5ff5c62e08bb45972707dd99/layer.tar,SPDXRef-Package-k8s.gcr.io-conformance-s390x-v1.23.0-alpha.3-ab0b561ea9185a8bff093ed2c0869a423319ed0a5ff5c62e08bb45972707dd99-layer.tar,NONE,false,NOASSERTION,NOASSERTION,NOASSERTION,"SHA1: c105a124b3551521f590db5cbd27b4884fd221de, SHA256: 76a26a5e5ddf7c6d007ca566bdf9381921ac7abc9f2716f6e2db3ee6435b2942, SHA512: 7dd81255c34dfd34a24ac3d348b44bc6feaa00ce973edc237764343ab45f26b33c28e6abcc1f882eede9dcd8b9459a9b69b6e3b5e3de3f928fdfff4724b2a182"
409a0a487eb9896842728c4c3b7fae4289d50a7742c1878546922bb42a098145/layer.tar,SPDXRef-Package-k8s.gcr.io-conformance-s390x-v1.23.0-alpha.3-409a0a487eb9896842728c4c3b7fae4289d50a7742c1878546922bb42a098145-layer.tar,NONE,false,NOASSERTION,NOASSERTION,NOASSERTION,"SHA1: 0b2f8387f604eb45396f5b6452e139be131da230, SHA256: 0f98183dc27c7b8fb9b7a45d607a495b6b67ddad7528a83bf1d3c35046b6bdad, SHA512: 27ee9d0c1e26f6d4bd80538fbd175506021e5e31f21985d9c214f8a41ea0ebca0211e8817950639d649e4997bd2c0fb155b8aae3be1e0ec44514bae70e27f25d"
004a363c672606b2b407a6260dd1923ba5a1854467b07f4b5178956fe9939a99/layer.tar,SPDXRef-Package-k8s.gcr.io-conformance-s390x-v1.23.0-alpha.3-004a363c672606b2b407a6260dd1923ba5a1854467b07f4b5178956fe9939a99-layer.tar,NONE,false,NOASSERTION,NOASSERTION,NOASSERTION,"SHA1: e779ec205186fbd3d4bb743948532a0060a60b27, SHA256: 80b89263e50b2b8d1251c5f4fa6223f60a2fe522666fd32d42ff3141f8d5e5b1, SHA512: 99ae73d8bd8b3fee7a188d5c7522bb350222aed0bd746b1c01016cb0ba2828fc39a9e9e2afede8be60ee10addc19dd0da97f0555cc1ee204a2e483966ef83169"
3b02c73a3a504c16aa9ce6fad96cfd3cf8dd837a83069f0e0b2f63322ca77bc4/layer.tar,SPDXRef-Package-k8s.gcr.io-conformance-s390x-v1.23.0-alpha.3-3b02c73a3a504c16aa9ce6fad96cfd3cf8dd837a83069f0e0b2f63322ca77bc4-layer.tar,NONE,false,NOASSERTION,NOASSERTION,NOASSERTION,"SHA1: e9435d5d8e3b8e03dc289117a89eebcd754ef033, SHA256: 04cb8f12a89df34650c56894f93f7f45596427eafe5b9741cf9c496995d57e40, SHA512: 8ec30226bd9a12f71ada87c42e1e625e1a398914dbd1b1d4722f7306f6b2e8c8239ba0612de841af479fd6cfbc1df7f206a85287f1b6255a977a37f3b7580fd5"
31433d9a023490c43575962704861bfeb1561654d6919821357b656806cce327/layer.tar,SPDXRef-Package-k8s.gcr.io-conformance-s390x-v1.23.0-alpha.3-31433d9a023490c43575962704861bfeb1561654d6919821357b656806cce327-layer.tar,NONE,false,NOASSERTION,NOASSERTION,NOASSERTION,"SHA1: 07b2905102a673eef1bde079730bbf47c608123e, SHA256: 7430bfbcae21f006331c9ffc65e34819951d11422430d27d53a49401310cfa57, SHA512: 9d8717e46faefc9ce8f9f8b628199612e63b89b202960ce7f69ebda957e4ea3b6c817464b534aa27cd31a40ed941931aa4c4624486bc83fd346cbdd44ad0f130"
8a0ad3066f37b8613e9c160f55bb5ffa045619190200eb7e7034554428b33c37/layer.tar,SPDXRef-Package-k8s.gcr.io-conformance-s390x-v1.23.0-alpha.3-8a0ad3066f37b8613e9c160f55bb5ffa045619190200eb7e7034554428b33c37-layer.tar,NONE,false,NOASSERTION,NOASSERTION,NOASSERTION,"SHA1: 20dc0e0db42a89403a9c76937f4ed510e4421e7e, SHA256: acfcb2b2ce43c354404179c100e1f6a4ac1877f6cf10f676cd711fd66fe6bc9e, SHA512: e111d7015ffd652ea39e8d2c804e9ba97290b760faf2c3f82f3648e096d25711769261b4a2b724c2f38083c9e3590ce3061b3ea2e20db3b13c460779c7701cc0"
3ff6d69a264845bfef8496705756b45fca7f66147bc921267207cce48295d326/layer.tar,SPDXRef-Package-k8s.gcr.io-conformance-s390x-v1.23.0-alpha.3-3ff6d69a264845bfef8496705756b45fca7f66147bc921267207cce48295d326-layer.tar,NONE,false,NOASSERTION,NOASSERTION,NOASSERTION,"SHA1: 08dfd84a0e215e2930502776fbbeae5be638c4c1, SHA256: bae02316a284a8a448e456a981f83160f08bf9c2896f57a8c9ef5e83465df5b4, SHA512: 152d4ce7358b1e6ba257575de3f1ef6024f2a651a5b2e91a5875345770d77dfcb4d5f7b7ea96b0d8941d615842e90d910dae51dd84582441e8d3f8648cd8f078"
1ef0be4b7dca54c2f0aa258384f7baedecf32aefe1ad1d1b1d89552d380d6b48/layer.tar,SPDXRef-Package-k8s.gcr.io-conformance-s390x-v1.23.0-alpha.3-1ef0be4b7dca54c2f0aa258384f7baedecf32aefe1ad1d1b1d89552d380d6b48-layer.tar,NONE,false,NOASSERTION,NOASSERTION,NOASSERTION,"SHA1: dcc790876cbfac136ac6a906dfc105192e1b10d7, SHA256: c8e3af85073cacd8c53a8f68ce1bd5ee7c7519edf1eb1c09a1e89ffbc4ead12a, SHA512: 0e9b2392f017bcddf548256eec4c1cce34be1a78f26cc85a0c85e113acc895b68b7eefd16035cbf441027b560bdbf4492c43a0ae5509e5d476975ff52f38a41f"
63cb43d6bbda369f98f4bd760f532b6112364f7b430206ddd1a7a005806c19d0/layer.tar,SPDXRef-Package-k8s.gcr.io-conformance-s390x-v1.23.0-alpha.3-63cb43d6bbda369f98f4bd760f532b6112364f7b430206ddd1a7a005806c19d0-layer.tar,NONE,false,NOASSERTION,NOASSERTION,NOASSERTION,"SHA1: 2753efc579848cef86ae2b80c4b6bb3f6d504a8e, SHA256: e03928d6735dc2a32ace2175dee003f4f97a951af92125b66b31afa27492b366, SHA512: cda74bae7ba8a11489181a3fd37027804c165549a4b5a87d67de39f9972b505f1da908ab69122dd2cd9e20b2c8c9d556070eeb2d6546a01aad3777fcca7e9f45"
k8s.gcr.io/kube-proxy-s390x:v1.23.0-alpha.3,SPDXRef-Package-k8s.gcr.io-kube-proxy-s390x-v1.23.0-alpha.3,NONE,false,NOASSERTION,NOASSERTION,NOASSERTION,
7fffbdd88a4b2ad3cfb80b22511e40b9c4156070c65dc1e82df4a6fa573b41b0/layer.tar,SPDXRef-Package-k8s.gcr.io-kube-proxy-s390x-v1.23.0-alpha.3-7fffbdd88a4b2ad3cfb80b22511e40b9c4156070c65dc1e82df4a6fa573b41b0-layer.tar,NONE,false,NOASSERTION,NOASSERTION,NOASSERTION,"SHA1: 0384cd245a60570ec1ede97369d6e5c87097271b, SHA256: 8f7cbf96f2d4e2fe2668562965f81e831c9c85f906162e82a10e5eaf376cb0ba, SHA512: 7922421047aa3fa1956f41bf50834f0ee27087d81f0a3a58750b7292c1f1827bf26234ca51f78c9dc9356fd536718b4164b2ec90499b8476093d68db61655da9"
07ca39e605f2fbeb3db83276d50e3c29e422f53478027c6b1c9b81a5d490d0ae/layer.tar,SPDXRef-Package-k8s.gcr.io-kube-proxy-s390x-v1.23.0-alpha.3-07ca39e605f2fbeb3db83276d50e3c29e422f53478027c6b1c9b81a5d490d0ae-layer.tar,NONE,false,NOASSERTION,NOASSERTION,NOASSERTION,"SHA1: ca0aae5fdedf8823fc0f7909d96ebda1ad7e47df, SHA256: 157c9f1cc794d88e682cad9e3e92323344c9349da7a44caae1fde7a4efe800b8, SHA512: 2d1d41ff171710c807a1405e84827b8651d6b8109c6d26c122bf54ac6a1b4fe5d1ec7ffc58c924c2775c6c3cfe821ed98bdd5ad653353ae2b4c8ff22bda5ca61"
k8s.gcr.io/kube-scheduler-s390x:v1.23.0-alpha.3,SPDXRef-Package-k8s.gcr.io-kube-scheduler-s390x-v1.23.0-alpha.3,NONE,false,NOASSERTION,NOASSERTION,NOASSERTION,
fe0068ba290f132f5b397c7e4fe2d3729717985b80c79275f9307d1ecf04b79d/layer.tar,SPDXRef-Package-k8s.gcr.io-kube-scheduler-s390x-v1.23.0-alpha.3-fe0068ba290f132f5b397c7e4fe2d3729717985b80c79275f9307d1ecf04b79d-layer.tar,NONE,false,NOASSERTION,NOASSERTION,NOASSERTION,"SHA1: 09c3ed745633a7521d9a7ffc1829c21b968407e7, SHA256: f9755cb0ad7757b9d73f91483c249ecc812def350f8d473396e4430dce558fe1, SHA512: 307660f093683f733e1883cc8d259f924dfea377bcd05c00bb24847a183faee0df76f28f2252925af484f2c0e94e9eb39fa7d4db88d89765fa132b2ab04328ac"
1f23b70588c706085302ae5ea4170c9bb6deafc4660c1dae84cb443e700e1075/layer.tar,SPDXRef-Package-k8s.gcr.io-kube-scheduler-s390x-v1.23.0-alpha.3-1f23b70588c706085302ae5ea4170c9bb6deafc4660c1dae84cb443e700e1075-layer.tar,NONE,false,NOASSERTION,NOASSERTION,NOASSERTION,"SHA1: aa0a05e5f040f9e389553477b4916db952cfc1e3, SHA256: 4b401612744f7f273a2cbfd9e70c29430dac1ed0ebc087f2fb576d6ada729647, SHA512: b968fd86bf4d2711822fbf781422ade9032a7c3d2df39dc52db5d0adf2f887b468471bb491f91699d164046f997bdea0b0c1e1b7a80efe427d60f4fedb42d83e"
6e17852b985ccb6c323d232bab21f3363cf95a8c013e3c3c9b87df3ecf788c33/layer.tar,SPDXRef-Package-k8s.gcr.io-kube-scheduler-s390x-v1.23.0-alpha.3-6e17852b985ccb6c323d232bab21f3363cf95a8c013e3c3c9b87df3ecf788c33-layer.tar,NONE,false,NOASSERTION,NOASSERTION,NOASSERTION,"SHA1: 7f9d4095122ccba8b7162d49d5425e9fa3bbe607, SHA256: f76a9e25d7b98edcb17aa5fff5e7d280d7969664419e583728e2f335e0848293, SHA512: bcc95d28b2f6c6fdca618cf879394c82a0839eeb4c5457c674fe3d36df8c8de596f4a95896bcc3f32e00c376b9b5da07ac070a247a2bc9ea0f0fd6e98b2cf573"
k8s.gcr.io/kube-proxy-amd64:v1.23.0-alpha.3,SPDXRef-Package-k8s.gcr.io-kube-proxy-amd64-v1.23.0-alpha.3,NONE,false,NOASSERTION,NOASSERTION,NOASSERTION,
41062994710bdb634a1450fb48dec7170e9625ecf1f26c338183f6d1c8b57c34/layer.tar,SPDXRef-Package-k8s.gcr.io-kube-proxy-amd64-v1.23.0-alpha.3-41062994710bdb634a1450fb48dec7170e9625ecf1f26c338183f6d1c8b57c34-layer.tar,NONE,false,NOASSERTION,NOASSERTION,NOASSERTION,"SHA1: d7d3cd45a8f732947fb08afbe8a74435590aef53, SHA256: 39e8cf879e84c31a340a6b737c88c8f9eef2c7355ac0886e3f4e967e02bfd2dc, SHA512: 6245fa1a4b8f1f072571e768fd257fb48b33e06dc7b337a145280717196a23558079ed24490511499545b4fdaa7dd40a0205729ac98b5ad44d5a69ebf71e38a2"
da20bc94920989a757bdab5e79d8527e82005a31f83711b171ef37eacdf93bef/layer.tar,SPDXRef-Package-k8s.gcr.io-kube-proxy-amd64-v1.23.0-alpha.3-da20bc94920989a757bdab5e79d8527e82005a31f83711b171ef37eacdf93bef-layer.tar,NONE,false,NOASSERTION,NOASSERTION,NOASSERTION,"SHA1: e6f3811f7d03d6f5e0b079b8b59720bc307c9bbc, SHA256: 5b89db9105f55fa4a7cc85b809409ab5453d6e7a63864fc575a8b705dc79d37b, SHA512: 5d4d17e07433b2eb58fbc9563ee596437660ec51a43748a2cd78a8eeb15d5634551f481bb1ee8ad671920f7eb9faf675a8154ef2de3717c8f7530c0083243227"
k8s.gcr.io/kube-controller-manager-arm:v1.23.0-alpha.3,SPDXRef-Package-k8s.gcr.io-kube-controller-manager-arm-v1.23.0-alpha.3,NONE,false,NOASSERTION,NOASSERTION,NOASSERTION,
a987f5fbd5be920d17ec4dc6e885c666829f7c813a0bbabe1d232464bd92a95c/layer.tar,SPDXRef-Package-k8s.gcr.io-kube-controller-manager-arm-v1.23.0-alpha.3-a987f5fbd5be920d17ec4dc6e885c666829f7c813a0bbabe1d232464bd92a95c-layer.tar,NONE,false,NOASSERTION,NOASSERTION,NOASSERTION,"SHA1: e1b8cda7a92f42f00ff7d8f5449e6ba37879a168, SHA256: 4bb1ab0576e2247166e8eb01c7381ab0ac45e2e4e20c36b3fd1f85c7f6364b48, SHA512: 500cc05e9807fe5c37c59413fac9a5a18630fdd865f93cfe28a688919c6cbc52b25b771252a27b428b6883f5a238657115591d55f9c371f95aeab77b5a93ffd1"
b7a05a10641928e3881b774cb1d9b8e8eb3342766b469946c2ad049116bd612b/layer.tar,SPDXRef-Package-k8s.gcr.io-kube-controller-manager-arm-v1.23.0-alpha.3-b7a05a10641928e3881b774cb1d9b8e8eb3342766b469946c2ad049116bd612b-layer.tar,NONE,false,NOASSERTION,NOASSERTION,NOASSERTION,"SHA1: 2921facbfb76d03d6ab05b2df662e74d6a5602d8, SHA256: 26d314bb4379b78e7524c70828aa6debf2c41fe9180cb2b6ef5907efe40cbb99, SHA512: f7a466d0935cd3c81dfa5671568a9324762ca64a202de07c81127cdbb829d68a44bc7eb147871a312ea22b2415c4ac370fe9e799f0d75634fee71097127cfb3d"
3a28542ad57b1debaf1b048c9c9b148a063ba78ee7e2561a3732e57d93949d15/layer.tar,SPDXRef-Package-k8s.gcr.io-kube-controller-manager-arm-v1.23.0-alpha.3-3a28542ad57b1debaf1b048c9c9b148a063ba78ee7e2561a3732e57d93949d15-layer.tar,NONE,false,NOASSERTION,NOASSERTION,NOASSERTION,"SHA1: 54d9fd2261f739740d7ec7c175555d58e7dd85f7, SHA256: 3d188249ae65dd083991eb3e48f674467a8f172bd8bbf9b3d17857279f23d28d, SHA512: a7b76d4089df6be528e6f86692ff8c18c41a608b689835387820d74784864287d432f7eb22b83832f4db89cfad59a12cec55c88ae5dc6bd639c53f69d74a8081"
k8s.gcr.io/kube-proxy-arm:v1.23.0-alpha.3,SPDXRef-Package-k8s.gcr.io-kube-proxy-arm-v1.23.0-alpha.3,NONE,false,NOASSERTION,NOASSERTION,NOASSERTION,
95f729ebc11440c7ac5ad9738478d2ce2cabc8787e5678a4cc36c26f1fd9ef39/layer.tar,SPDXRef-Package-k8s.gcr.io-kube-proxy-arm-v1.23.0-alpha.3-95f729ebc11440c7ac5ad9738478d2ce2cabc8787e5678a4cc36c26f1fd9ef39-layer.tar,NONE,false,NOASSERTION,NOASSERTION,NOASSERTION,"SHA1: 6fb9e33c409ed8dcc01d2429eca95ca1a0c31b55, SHA256: 83e4d2f4494d5386e3adf6f9335819ba55caf037b72626266c80fe4517dade4c, SHA512: 3e4b02450c80e745b3d5ac1643364ced34bdc5dbb5368a0a672b471a0e72b7963ab45ad2232956744a50f4f47ebe7ccf9394a258afaf86700354d37237daf28b"
40adc76d0d2b5a933b8eadd1211ae7f8d724cbae74cc1bbc55701a4a676ffab9/layer.tar,SPDXRef-Package-k8s.gcr.io-kube-proxy-arm-v1.23.0-alpha.3-40adc76d0d2b5a933b8eadd1211ae7f8d724cbae74cc1bbc55701a4a676ffab9-layer.tar,NONE,false,NOASSERTION,NOASSERTION,NOASSERTION,"SHA1: 813a251a78e8de4e7a51570b0a7660ff8e78d827, SHA256: 1c3e631ce4cee76d5b274f30de4e29110d81f3d5b612cdb7d66f956cbf1afd87, SHA512: d50c54a740a465256ee11666aca03da81893740c4e424d55eefc555da62f148a973c9260dbb8e203cbe0c186fc79d44cf6de95a4234922e599d2cb7b127cd954"
k8s.gcr.io/kube-scheduler-ppc64le:v1.23.0-alpha.3,SPDXRef-Package-k8s.gcr.io-kube-scheduler-ppc64le-v1.23.0-alpha.3,NONE,false,NOASSERTION,NOASSERTION,NOASSERTION,
68bfd4985b44e1afadb7a378ceb83ba1cfd34bfff31a60a4fdc5dd31150fb978/layer.tar,SPDXRef-Package-k8s.gcr.io-kube-scheduler-ppc64le-v1.23.0-alpha.3-68bfd4985b44e1afadb7a378ceb83ba1cfd34bfff31a60a4fdc5dd31150fb978-layer.tar,NONE,false,NOASSERTION,NOASSERTION,NOASSERTION,"SHA1: 761b5972832fb3e7ad611cb6ff90898d61d0b15e, SHA256: 5a047c690755659ce31fd0af7dbf1d9a50c34a92add97f93dc83bdb29406a4f6, SHA512: c037495011b67da964389b2c18c14ab8ec8bd6915cf25b0948c94c0053d53bb2b107d5131bc704d4563b3d7909c1f6a54358d299b54ea11eb24672ad915e39dc"
4b23cc7e70640968cd0fc0fa176badd319339dacc80bc13cc9716230070c30af/layer.tar,SPDXRef-Package-k8s.gcr.io-kube-scheduler-ppc64le-v1.23.0-alpha.3-4b23cc7e70640968cd0fc0fa176badd319339dacc80bc13cc9716230070c30af-layer.tar,NONE,false,NOASSERTION,NOASSERTION,NOASSERTION,"SHA1: 19820eef6ecb1c8677a725cffa4789b4db676830, SHA256: ba4e15ad7c717521ee9c6dc43037b13c36d575b1113a4a86e809da99d14d3866, SHA512: 58ddf5e2d4b5c470800c11b0f64df439fc157ee65470272b5e71084226c741e18b2be46915b8e9eee8fd6a14de7f8621e80431672c3bcd9fe91d77b0ec9e9133"
217e3e4b7acbb6cddcd576a201819bbc4ea9226ba35dc7cef6b7ebeaa6a90d52/layer.tar,SPDXRef-Package-k8s.gcr.io-kube-scheduler-ppc64le-v1.23.0-alpha.3-217e3e4b7acbb6cddcd576a201819bbc4ea9226ba35dc7cef6b7ebeaa6a90d52-layer.tar,NONE,false,NOASSERTION,NOASSERTION,NOASSERTION,"SHA1: c7b1376b60a9a411d71ac53be65fdf67788cdfaa, SHA256: ee312bb7e762bc192b6e82bef1216931fdf945544afb58e43cbaa2deacf8a3f7, SHA512: 69590058d4945902d00e8bacd11064ae87cb3ff2f7d3ae63841512324c4c3f30d25432ef0ab5e9eb77ccf520c231e43cd2866868948c5f509b6f606379d41af8"
k8s.gcr.io/conformance-amd64:v1.23.0-alpha.3,SPDXRef-Package-k8s.gcr.io-conformance-amd64-v1.23.0-alpha.3,NONE,false,NOASSERTION,NOASSERTION,NOASSERTION,
fc2329a47527c02a7d3234a1bc0479dfb0a8ad1c700ef48fda840907544ff8ce/layer.tar,SPDXRef-Package-k8s.gcr.io-conformance-amd64-v1.23.0-alpha.3-fc2329a47527c02a7d3234a1bc0479dfb0a8ad1c700ef48fda840907544ff8ce-layer.tar,NONE,false,NOASSERTION,NOASSERTION,NOASSERTION,"SHA1: ea6c28cede9068b65420431697846382040477a4, SHA256: 857ac041edf6c8fc5240579723523dbfe2ecc2b80ba1c3b73b055a60d0dd92f5, SHA512: 4d79a5abe573674118a8753120ab22248cbc51ea53707156d7a4de67cd04ea0375dc8e8864f8540fcea8878354293ba4838425925e9824a9a8980cc842c560cd"
2057c8b472c248a77b6137883247607638dce6fcbf70a8779c393851999a3c48/layer.tar,SPDXRef-Package-k8s.gcr.io-conformance-amd64-v1.23.0-alpha.3-2057c8b472c248a77b6137883247607638dce6fcbf70a8779c393851999a3c48-layer.tar,NONE,false,NOASSERTION,NOASSERTION,NOASSERTION,"SHA1: fb4ee2c78d2815aa11832672d127dee6754418f2, SHA256: e3d24823466584f8fcc6fe0d7d5bb09d2360b86ef9b655e21e8002ee04dd386b, SHA512: 143b15ea0d858e6f7ba65edff92e43eb98a66bf7e4aaefe1ce9aed6b5a0283934cf5e17b2a204f26aa37eeeb91ad35df3ac6dc6a8e1796df70c6d7783b3a6b5f"
e9514f4dff016874ce892c4cae670a223856b4c20d4a9a206fbf83b6c5435646/layer.tar,SPDXRef-Package-k8s.gcr.io-conformance-amd64-v1.23.0-alpha.3-e9514f4dff016874ce892c4cae670a223856b4c20d4a9a206fbf83b6c5435646-layer.tar,NONE,false,NOASSERTION,NOASSERTION,NOASSERTION,"SHA1: 64e39e99b07291474393d903a42c7dcdaae26e96, SHA256: af1204cb0d6a505f1e060fd185a5379ba0442d6b499138f6fdb883700aff1159, SHA512: b1bd8665a29571026397f4c40ea1b4334d5986a1c2a1ef57e355e2b21b1bd88068a0374771d3e7fc95534a5cb8ce8410afc015a72bf110f83d6c4ed0eb7f9d70"
85e0d187a0c568e734ae11df909ccbabbb78f9ea336147c158ebde40f2526e98/layer.tar,SPDXRef-Package-k8s.gcr.io-conformance-amd64-v1.23.0-alpha.3-85e0d187a0c568e734ae11df909ccbabbb78f9ea336147c158ebde40f2526e98-layer.tar,NONE,false,NOASSERTION,NOASSERTION,NOASSERTION,"SHA1: cc264aec30b66e9357a44666ef4d77c40948dc8f, SHA256: 5effc90573de5a9bf1ffb379427adc02b735a4acbac4bfb482efbbbecb312e60, SHA512: f12b89c5ba185e3f310fa99a6923c9a1a6a9b7b19796faaa98f3341bf2abef7c0a53f6a7a7d1fa86165e1326ca4bf5296f1985efb2783496454636d23b1ca753"
35b845eba9d321c6bf1e2c508875c3a6ade2fb218e4a1cfdba90f34eb35f96ba/layer.tar,SPDXRef-Package-k8s.gcr.io-conformance-amd64-v1.23.0-alpha.3-35b845eba9d321c6bf1e2c508875c3a6ade2fb218e4a1cfdba90f34eb35f96ba-layer.tar,NONE,false,NOASSERTION,NOASSERTION,NOASSERTION,"SHA1: 480f9ba2507e8cdad3df13e39b163914e5da39dd, SHA256: 2e1087c91bfab82b1f17c1b262c7e2b1288b20942c2d25d493cd5d73ad2bd468, SHA512: d7a3f092b3ab18f905cd7b2903997ac2cc820043386b5f619801eb06c9c409026f6ec62151c86d7b6404e80cb8cb69c5cdad2e0632ea5a0afdc72adef2df3bfd"
a1aa2114fd91e258665ab10d4eb4759ac7075794eba8053719f14ac7c970ff17/layer.tar,SPDXRef-Package-k8s.gcr.io-conformance-amd64-v1.23.0-alpha.3-a1aa2114fd91e258665ab10d4eb4759ac7075794eba8053719f14ac7c970ff17-layer.tar,NONE,false,NOASSERTION,NOASSERTION,NOASSERTION,"SHA1: 403c601cc9ed64ea1b362b9d6885d3ea539dd17e, SHA256: e332dca2da0d91fcb0994c20dd5cead67350ff76341957997470ac13b0843390, SHA512: 6b6f7424c6caa6a26195c998bde01a471601e9b47a7c224af4109721f41a4040f79b96bb27c2f8e491ca00e7c566f2b8a60f75eabae68bc5e378b81f6f625881"
22c2672312e8776c4f2c4f60fff46a61bd1e5de1dbe00cc0c118d969aaeb8498/layer.tar,SPDXRef-Package-k8s.gcr.io-conformance-amd64-v1.23.0-alpha.3-22c2672312e8776c4f2c4f60fff46a61bd1e5de1dbe00cc0c118d969aaeb8498-layer.tar,NONE,false,NOASSERTION,NOASSERTION,NOASSERTION,"SHA1: d778ec3cbd5de4dbd58169650c631197023c56d2, SHA256: 00661063f7809eabd4af2df99847652ab3a7ed0c932b7120b6cf15fe3a8c9dc3, SHA512: b18b6e01b7f809388970c2db1cd3580ea655227fe3bde2efbab9e049cc84fb4f7b4f444a048ac8f9da0badccb1afc676c3bca0c458fdfa24851f6d000d40952c"
f2ccdc9534774aa8994bf8bc0e0f1d4d6600d68cb4fee4211bea95298756d974/layer.tar,SPDXRef-Package-k8s.gcr.io-conformance-amd64-v1.23.0-alpha.3-f2ccdc9534774aa8994bf8bc0e0f1d4d6600d68cb4fee4211bea95298756d974-layer.tar,NONE,false,NOASSERTION,NOASSERTION,NOASSERTION,"SHA1: 7e5096576a693a3c3f2438ec8aedeb18839f8c0d, SHA256: c8779911dbfba2e7cabe0b3b3677d47e19b82d74d98f288cdb36ef3626282907, SHA512: e5a60fb1082f6f9ac942cbc53d3e4a1b5e285ea9c3de27a8f14b8d0b24d9c2ae0f05ba84908a1843b08b635be817abe7467b0c1c9eb00c8cf7ca9b8c473df1a1"
d6f9664d5f677e41d5a4dc4b8d0eb77baec9455bf3279378ba1885f312907e97/layer.tar,SPDXRef-Package-k8s.gcr.io-conformance-amd64-v1.23.0-alpha.3-d6f9664d5f677e41d5a4dc4b8d0eb77baec9455bf3279378ba1885f312907e97-layer.tar,NONE,false,NOASSERTION,NOASSERTION,NOASSERTION,"SHA1: 1b2e10f82804f6d4e5941945011335ce1e1799fa, SHA256: 34a99541fc72d04bbfe39bb368fa7f53f3f7db90e016c4036fa1d3efe5d47547, SHA512: 0f5144668820704b6fcdd008d287d84ef7bd23533b9cb828290df9d4be8bc2e42490bb4914882d6d7d3bf2f8259034d32e98d08ab6bc84cdc2b6735dfbb8a84e"
506e735066ce87bd7a0e4e8b1c2c5fc36e34cd07a5602f90b581c0916c0bbc81/layer.tar,SPDXRef-Package-k8s.gcr.io-conformance-amd64-v1.23.0-alpha.3-506e735066ce87bd7a0e4e8b1c2c5fc36e34cd07a5602f90b581c0916c0bbc81-layer.tar,NONE,false,NOASSERTION,NOASSERTION,NOASSERTION,"SHA1: 8dbe15286e806319863ac451b8b5e2138fb733be, SHA256: 16e1ea6cfdf0f3ffcdf860148681a48a037b0c398c578e246e71f8d5641a6917, SHA512: a7c72ed3a6f17a40cf27dd80e0977f370527db6e3f542fad7b92f7a4e234de5fd99d1aeb52d285194e7156372fa61c59bebb939a049f3dc4dda9916747f9fdf4"
k8s.gcr.io/kube-apiserver-arm:v1.23.0-alpha.3,SPDXRef-Package-k8s.gcr.io-kube-apiserver-arm-v1.23.0-alpha.3,NONE,false,NOASSERTION,NOASSERTION,NOASSERTION,
a987f5fbd5be920d17ec4dc6e885c666829f7c813a0bbabe1d232464bd92a95c/layer.tar,SPDXRef-Package-k8s.gcr.io-kube-apiserver-arm-v1.23.0-alpha.3-a987f5fbd5be920d17ec4dc6e885c666829f7c813a0bbabe1d232464bd92a95c-layer.tar,NONE,false,NOASSERTION,NOASSERTION,NOASSERTION,"SHA1: e1b8cda7a92f42f00ff7d8f5449e6ba37879a168, SHA256: 4bb1ab0576e2247166e8eb01c7381ab0ac45e2e4e20c36b3fd1f85c7f6364b48, SHA512: 500cc05e9807fe5c37c59413fac9a5a18630fdd865f93cfe28a688919c6cbc52b25b771252a27b428b6883f5a238657115591d55f9c371f95aeab77b5a93ffd1"
b7a05a10641928e3881b774cb1d9b8e8eb3342766b469946c2ad049116bd612b/layer.tar,SPDXRef-Package-k8s.gcr.io-kube-apiserver-arm-v1.23.0-alpha.3-b7a05a10641928e3881b774cb1d9b8e8eb3342766b469946c2ad049116bd612b-layer.tar,NONE,false,NOASSERTION,NOASSERTION,NOASSERTION,"SHA1: 2921facbfb76d03d6ab05b2df662e74d6a5602d8, SHA256: 26d314bb4379b78e7524c70828aa6debf2c41fe9180cb2b6ef5907efe40cbb99, SHA512: f7a466d0935cd3c81dfa5671568a9324762ca64a202de07c81127cdbb829d68a44bc7eb147871a312ea22b2415c4ac370fe9e799f0d75634fee71097127cfb3d"
cc4b62bcca44562527030b86f7d11eae3b2f44748229694a1fdc0558b06b8e0e/layer.tar,SPDXRef-Package-k8s.gcr.io-kube-apiserver-arm-v1.23.0-alpha.3-cc4b62bcca44562527030b86f7d11eae3b2f44748229694a1fdc0558b06b8e0e-layer.tar,NONE,false,NOASSERTION,NOASSERTION,NOASSERTION,"SHA1: bea7deeebaf729062df786b87b28e944e78be4cd, SHA256: 99173323d92f399df64a8873d9af460e51483d53278f71812c79d8f19a4682fe, SHA512: 5ea4c9f4b9d6868cd3c246dd69e1ea0505ce6d6d74523d2f851252530130c2b01428794b4310f86f40e2f593fdb5337330146ff0448bb9fa84398480fa23797c"
k8s.gcr.io/kube-scheduler-arm:v1.23.0-alpha.3,SPDXRef-Package-k8s.gcr.io-kube-scheduler-arm-v1.23.0-alpha.3,NONE,false,NOASSERTION,NOASSERTION,NOASSERTION,
a987f5fbd5be920d17ec4dc6e885c666829f7c813a0bbabe1d232464bd92a95c/layer.tar,SPDXRef-Package-k8s.gcr.io-kube-scheduler-arm-v1.23.0-alpha.3-a987f5fbd5be920d17ec4dc6e885c666829f7c813a0bbabe1d232464bd92a95c-layer.tar,NONE,false,NOASSERTION,NOASSERTION,NOASSERTION,"SHA1: e1b8cda7a92f42f00ff7d8f5449e6ba37879a168, SHA256: 4bb1ab0576e2247166e8eb01c7381ab0ac45e2e4e20c36b3fd1f85c7f6364b48, SHA512: 500cc05e9807fe5c37c59413fac9a5a18630fdd865f93cfe28a688919c6cbc52b25b771252a27b428b6883f5a238657115591d55f9c371f95aeab77b5a93ffd1"
b7a05a10641928e3881b774cb1d9b8e8eb3342766b469946c2ad049116bd612b/layer.tar,SPDXRef-Package-k8s.gcr.io-kube-scheduler-arm-v1.23.0-alpha.3-b7a05a10641928e3881b774cb1d9b8e8eb3342766b469946c2ad049116bd612b-layer.tar,NONE,false,NOASSERTION,NOASSERTION,NOASSERTION,"SHA1: 2921facbfb76d03d6ab05b2df662e74d6a5602d8, SHA256: 26d314bb4379b78e7524c70828aa6debf2c41fe9180cb2b6ef5907efe40cbb99, SHA512: f7a466d0935cd3c81dfa5671568a9324762ca64a202de07c81127cdbb829d68a44bc7eb147871a312ea22b2415c4ac370fe9e799f0d75634fee71097127cfb3d"
34acf7fb47817f44366355f2513315f62fe07ec47de802ed23722c0cbacb80d5/layer.tar,SPDXRef-Package-k8s.gcr.io-kube-scheduler-arm-v1.23.0-alpha.3-34acf7fb47817f44366355f2513315f62fe07ec47de802ed23722c0cbacb80d5-layer.tar,NONE,false,NOASSERTION,NOASSERTION,NOASSERTION,"SHA1: 94089acf009f0d9478cbdcfa0983bbfa3e6cd1cd, SHA256: 7dc810135947babbaac26d505c39846e4b2a86e6b04fd93f601bb0950a0bf196, SHA512: 2a55c9f6574b773a58638ea4603e81c5b932184bac4339276758bc725c85a2c8270c3609be1ad483f5bdfd65289d41b489267913cddc35ec56f43618b23e8cdd"
k8s.gcr.io/kube-apiserver-arm64:v1.23.0-alpha.3,SPDXRef-Package-k8s.gcr.io-kube-apiserver-arm64-v1.23.0-alpha.3,NONE,false,NOASSERTION,NOASSERTION,NOASSERTION,
a44910e96949dcc99620f35a0ab5e841932a59a2bc9d910c3587f76e2589074c/layer.tar,SPDXRef-Package-k8s.gcr.io-kube-apiserver-arm64-v1.23.0-alpha.3-a44910e96949dcc99620f35a0ab5e841932a59a2bc9d910c3587f76e2589074c-layer.tar,NONE,false,NOASSERTION,NOASSERTION,NOASSERTION,"SHA1: a6906334d213ef8e15aa4e6482e0caaad16896b2, SHA256: ea25057cf4ebd031fa6d895640995f9f3915d4d05a72f130378dc17dfffd62c2, SHA512: ccb92f9dba2e96fb8c99a1b499e34a30f344399e9978c3f48906e24da2d4dc8bcd7fa059940831f09706d4bdeca5b2dd0f91fce0fc15fc022c7b9320b14f0877"
0ad2c1e2600e80151cbb6afb1214527ef8d7537667e573f36c87d92bb078ff30/layer.tar,SPDXRef-Package-k8s.gcr.io-kube-apiserver-arm64-v1.23.0-alpha.3-0ad2c1e2600e80151cbb6afb1214527ef8d7537667e573f36c87d92bb078ff30-layer.tar,NONE,false,NOASSERTION,NOASSERTION,NOASSERTION,"SHA1: b2c1e834551eb9ec70c9172c6cd205f49f2b767b, SHA256: b70b6f2b410a1866ce26c522cff06f6f7d1c755838168f62643be0e9a6638184, SHA512: ecead7152c638b55aa5a104832e72652d527c3b792c714589324507f28bad5272e4d8be88616582eba030c86a67d8e80a6e796d012af6f677e16ecf90a258710"
58f91523bd7a8afec3cbeda55f71a7c86ebe198ac6de48244795d0e7ec78c5f8/layer.tar,SPDXRef-Package-k8s.gcr.io-kube-apiserver-arm64-v1.23.0-alpha.3-58f91523bd7a8afec3cbeda55f71a7c86ebe198ac6de48244795d0e7ec78c5f8-layer.tar,NONE,false,NOASSERTION,NOASSERTION,NOASSERTION,"SHA1: c37bd8a0816ec2efba787e99f27b4c35b32fc229, SHA256: a383327a56a6e809e4fd6d5c3a5a407240ec1f1abddaeec476bd2fcfaece4c04, SHA512: 66fe801b4ec98bde5a039444eee19b4041e4617aab4b1251427ad16d93493403faa7e3d5f17fffc6852288e5a07d8a07ef681ccdaee2baaa0b67efb13adafe5f"
k8s.gcr.io/kube-controller-manager-s390x:v1.23.0-alpha.3,SPDXRef-Package-k8s.gcr.io-kube-controller-manager-s390x-v1.23.0-alpha.3,NONE,false,NOASSERTION,NOASSERTION,NOASSERTION,
fe0068ba290f132f5b397c7e4fe2d3729717985b80c79275f9307d1ecf04b79d/layer.tar,SPDXRef-Package-k8s.gcr.io-kube-controller-manager-s390x-v1.23.0-alpha.3-fe0068ba290f132f5b397c7e4fe2d3729717985b80c79275f9307d1ecf04b79d-layer.tar,NONE,false,NOASSERTION,NOASSERTION,NOASSERTION,"SHA1: 09c3ed745633a7521d9a7ffc1829c21b968407e7, SHA256: f9755cb0ad7757b9d73f91483c249ecc812def350f8d473396e4430dce558fe1, SHA512: 307660f093683f733e1883cc8d259f924dfea377bcd05c00bb24847a183faee0df76f28f2252925af484f2c0e94e9eb39fa7d4db88d89765fa132b2ab04328ac"
1f23b70588c706085302ae5ea4170c9bb6deafc4660c1dae84cb443e700e1075/layer.tar,SPDXRef-Package-k8s.gcr.io-kube-controller-manager-s390x-v1.23.0-alpha.3-1f23b70588c706085302ae5ea4170c9bb6deafc4660c1dae84cb443e700e1075-layer.tar,NONE,false,NOASSERTION,NOASSERTION,NOASSERTION,"SHA1: aa0a05e5f040f9e389553477b4916db952cfc1e3, SHA256: 4b401612744f7f273a2cbfd9e70c29430dac1ed0ebc087f2fb576d6ada729647, SHA512: b968fd86bf4d2711822fbf781422ade9032a7c3d2df39dc52db5d0adf2f887b468471bb491f91699d164046f997bdea0b0c1e1b7a80efe427d60f4fedb42d83e"
06be0ebdd2c6c10b0afc38ba92d58264f90dbb67d7df29c63bd270e82ada3121/layer.tar,SPDXRef-Package-k8s.gcr.io-kube-controller-manager-s390x-v1.23.0-alpha.3-06be0ebdd2c6c10b0afc38ba92d58264f90dbb67d7df29c63bd270e82ada3121-layer.tar,NONE,false,NOASSERTION,NOASSERTION,NOASSERTION,"SHA1: a58db5a30e6d6fc28cab436247faf79bcc99ea9b, SHA256: b2fe47bfb6f1ba75cef4fb58586a9c782f79fce11ea67ea2f87f4c9e52fd61b7, SHA512: f923346dd62f49f5e3d9e6d0e361ab1f947ff28ffac89e94a486016dc73051a0d641c52c14ac0c6288c1028e6ba590340b7a49735ce7833d3ac6f0800057bc32"
k8s.gcr.io/conformance-arm64:v1.23.0-alpha.3,SPDXRef-Package-k8s.gcr.io-conformance-arm64-v1.23.0-alpha.3,NONE,false,NOASSERTION,NOASSERTION,NOASSERTION,
a44910e96949dcc99620f35a0ab5e841932a59a2bc9d910c3587f76e2589074c/layer.tar,SPDXRef-Package-k8s.gcr.io-conformance-arm64-v1.23.0-alpha.3-a44910e96949dcc99620f35a0ab5e841932a59a2bc9d910c3587f76e2589074c-layer.tar,NONE,false,NOASSERTION,NOASSERTION,NOASSERTION,"SHA1: a6906334d213ef8e15aa4e6482e0caaad16896b2, SHA256: ea25057cf4ebd031fa6d895640995f9f3915d4d05a72f130378dc17dfffd62c2, SHA512: ccb92f9dba2e96fb8c99a1b499e34a30f344399e9978c3f48906e24da2d4dc8bcd7fa059940831f09706d4bdeca5b2dd0f91fce0fc15fc022c7b9320b14f0877"
ef5c1b33675cb0f29842d0fa3087a4cccfb8e16da7e3cbde2f7496af599156cc/layer.tar,SPDXRef-Package-k8s.gcr.io-conformance-arm64-v1.23.0-alpha.3-ef5c1b33675cb0f29842d0fa3087a4cccfb8e16da7e3cbde2f7496af599156cc-layer.tar,NONE,false,NOASSERTION,NOASSERTION,NOASSERTION,"SHA1: 2e6385af2116b1520b600dd403eea7920e7cc64b, SHA256: 07641131e3ceac903777e01952d6d9931e9dfe31b05a850820f2872170029976, SHA512: 32fb52f1e0df92440e051868f0a9090e44cf4b2d0f9e0d5540f66a46f791d0968a4f0d048708955152033fed3532c112dcdd8c22d4725587c9d6e9b1b3ac3f1d"
39b468503a0c393526af60b55c52565a4a4fac7fd83079531e37f1e821622884/layer.tar,SPDXRef-Package-k8s.gcr.io-conformance-arm64-v1.23.0-alpha.3-39b468503a0c393526af60b55c52565a4a4fac7fd83079531e37f1e821622884-layer.tar,NONE,false,NOASSERTION,NOASSERTION,NOASSERTION,"SHA1: 397c10b95688e0a7d8de095eec5af4301bbe37df, SHA256: e59b986060972a055723d23b2524060313ff2b97ce5a4d3962b7515a5dcf8b8b, SHA512: 87622f4240bb1011cc05f4e4a8545714aa1c895e45756b5cacaa47a5403828667690d72fc209d05b904baa08d94fcbd37f3d23594b201da4963792f621ce2639"
15fb7e74631b73f43a42ed06815b3a4f54a0ca6002f26cf2b40d09c4822f3c39/layer.tar,SPDXRef-Package-k8s.gcr.io-conformance-arm64-v1.23.0-alpha.3-15fb7e74631b73f43a42ed06815b3a4f54a0ca6002f26cf2b40d09c4822f3c39-layer.tar,NONE,false,NOASSERTION,NOASSERTION,NOASSERTION,"SHA1: ff086374f7ad446fc898af61bc98ae442059e1e3, SHA256: eb893f8c660b5c032a9888d157e3a1b41a1d3c12763a39991802940136c7c3bf, SHA512: 93c93f225c3f6322ce61ba38e7d17abc28b16d34bfc2fb444e6c7665501c0e52bd4f2b4874b587ccd0c7f2918c024824ff27331a193c7d77e28079086c03f66e"
64a1ba3d73e4c70f035249b5652687ba8c09ad6783e105f00db4613d69652ca7/layer.tar,SPDXRef-Package-k8s.gcr.io-conformance-arm64-v1.23.0-alpha.3-64a1ba3d73e4c70f035249b5652687ba8c09ad6783e105f00db4613d69652ca7-layer.tar,NONE,false,NOASSERTION,NOASSERTION,NOASSERTION,"SHA1: 39ee7d334f981ce9fb2010724733feae555ed8c5, SHA256: c41b84898896f143e81dd03c95bbc486324f05382b7000867600e24e8a0c6b19, SHA512: 3ab7a81fa5c00cd345d0bc4dd2f7a34e9f144084cdbfabc0c2c01105832dfd03966e32cc98f20ea930ddd8eb98f7928cf87c28f7897dc47c3dddff08cc252253"
4eb5dc721a2e7a3fdd0bfb1c636507c0d2b41308576c3d77a3414284b4db9cad/layer.tar,SPDXRef-Package-k8s.gcr.io-conformance-arm64-v1.23.0-alpha.3-4eb5dc721a2e7a3fdd0bfb1c636507c0d2b41308576c3d77a3414284b4db9cad-layer.tar,NONE,false,NOASSERTION,NOASSERTION,NOASSERTION,"SHA1: 21d76b4ebb62539c84d1978e5572260c330b648e, SHA256: e9ca7527b34eb707abf0bddcd229c0123b43cb8ff1d0b5644f18571f2a070204, SHA512: 451e42ec1f17b8d6ef0d62942de56ed1cff6fa537449dcbdea6e09b940c4682715d362fbe0d1b5f7dc9f057275a6317e1133a444612c8b94b3055b5bd3435bdb"
2b546b4bd44a69b4b690f2f8e794ee7ae9529bf7ea1aa2b49a4977d0c0427a06/layer.tar,SPDXRef-Package-k8s.gcr.io-conformance-arm64-v1.23.0-alpha.3-2b546b4bd44a69b4b690f2f8e794ee7ae9529bf7ea1aa2b49a4977d0c0427a06-layer.tar,NONE,false,NOASSERTION,NOASSERTION,NOASSERTION,"SHA1: f93da92eeee0a3b99edf52ec64f86220c14b9ae4, SHA256: c40703e8f11437f26ff3431edd15f6cd8ab2090127ce44f47e09d94124f79179, SHA512: cab9a2c06f565766d7c0401ebd65e789fe67be26e091d3b1ee82173f49706cbe874b365937fae33226630ea43f447ab7ad75780b14e1e742b9cabd90d5776d76"
16b3e6ac33e159570dc57a6c24b4e27d4e4640fa46e03b0a9c62d261df0bbcfb/layer.tar,SPDXRef-Package-k8s.gcr.io-conformance-arm64-v1.23.0-alpha.3-16b3e6ac33e159570dc57a6c24b4e27d4e4640fa46e03b0a9c62d261df0bbcfb-layer.tar,NONE,false,NOASSERTION,NOASSERTION,NOASSERTION,"SHA1: 93d48eef0326ece9529f8d665d1743a38530d357, SHA256: 4d25a27ac4036d9c0b8ffc939df065e04eb1145232456764f381bb072a352e67, SHA512: a9099a9ccd27cad12e2fa1467b86645342b70f47e0eeaf0f41e39badea3569125d225c108ffe323fbe18d87342c29031f2df181a2c7a1c095d5d907b7f8ab4de"
d1e2b1b0abb236ea65a0651acf692ca086f6921972e494945d61805f2a0c2018/layer.tar,SPDXRef-Package-k8s.gcr.io-conformance-arm64-v1.23.0-alpha.3-d1e2b1b0abb236ea65a0651acf692ca086f6921972e494945d61805f2a0c2018-layer.tar,NONE,false,NOASSERTION,NOASSERTION,NOASSERTION,"SHA1: 02aef716512a559f3788c9088511efb9544d7af2, SHA256: 0b7747033b09c823a5fef7428491530f974a07bbcce41343deb5b3665ef13e11, SHA512: 708d3d203671716b7cc8eb041ce2ebc0baf80a6c188b9423139291762cb1867ffd9b37d285ba534a5b1da3ce0ed5bd1cff62285a5873a93c05a08a364f7d67bc"
d4b8d69e366f2024ab0c808919a4445504d153bbdc3328d697ba816eb32f1d58/layer.tar,SPDXRef-Package-k8s.gcr.io-conformance-arm64-v1.23.0-alpha.3-d4b8d69e366f2024ab0c808919a4445504d153bbdc3328d697ba816eb32f1d58-layer.tar,NONE,false,NOASSERTION,NOASSERTION,NOASSERTION,"SHA1: be01e4cf103a7e6cf83537edee24bcd75ab8aec2, SHA256: 40880bf66048a2bbada9b605e49e732a23a301eead4d5d3dbc85d60e4886ec4a, SHA512: faeed3b8c234559cc6e0b7aef2a9024d1511d216a2aa98ef767583458cb91974749feabf69f1c4f6f81c7de76b8472ccfb58b9ddd0a3edeaa1bc8e9837ac9a6b"
k8s.gcr.io/kube-scheduler-arm64:v1.23.0-alpha.3,SPDXRef-Package-k8s.gcr.io-kube-scheduler-arm64-v1.23.0-alpha.3,NONE,false,NOASSERTION,NOASSERTION,NOASSERTION,
a44910e96949dcc99620f35a0ab5e841932a59a2bc9d910c3587f76e2589074c/layer.tar,SPDXRef-Package-k8s.gcr.io-kube-scheduler-arm64-v1.23.0-alpha.3-a44910e96949dcc99620f35a0ab5e841932a59a2bc9d910c3587f76e2589074c-layer.tar,NONE,false,NOASSERTION,NOASSERTION,NOASSERTION,"SHA1: a6906334d213ef8e15aa4e6482e0caaad16896b2, SHA256: ea25057cf4ebd031fa6d895640995f9f3915d4d05a72f130378dc17dfffd62c2, SHA512: ccb92f9dba2e96fb8c99a1b499e34a30f344399e9978c3f48906e24da2d4dc8bcd7fa059940831f09706d4bdeca5b2dd0f91fce0fc15fc022c7b9320b14f0877"
0ad2c1e2600e80151cbb6afb1214527ef8d7537667e573f36c87d92bb078ff30/layer.tar,SPDXRef-Package-k8s.gcr.io-kube-scheduler-arm64-v1.23.0-alpha.3-0ad2c1e2600e80151cbb6afb1214527ef8d7537667e573f36c87d92bb078ff30-layer.tar,NONE,false,NOASSERTION,NOASSERTION,NOASSERTION,"SHA1: b2c1e834551eb9ec70c9172c6cd205f49f2b767b, SHA256: b70b6f2b410a1866ce26c522cff06f6f7d1c755838168f62643be0e9a6638184, SHA512: ecead7152c638b55aa5a104832e72652d527c3b792c714589324507f28bad5272e4d8be88616582eba030c86a67d8e80a6e796d012af6f677e16ecf90a258710"
a19a5f373bcb1fc3c05c5a00670c782593d8761eab8ea88338683abb783a30f2/layer.tar,SPDXRef-Package-k8s.gcr.io-kube-scheduler-arm64-v1.23.0-alpha.3-a19a5f373bcb1fc3c05c5a00670c782593d8761eab8ea88338683abb783a30f2-layer.tar,NONE,false,NOASSERTION,NOASSERTION,NOASSERTION,"SHA1: 14bc101aa8ea0ebaa07c187e61a997ec1a4a6e57, SHA256: 105b1d21ddabb26c0c419f75e2017952cd9e41d0e1d91904ae0db3e2bc468c29, SHA512: 29b3916c2f91e7467d9ffe43672cd62c4f5ba10f25302bce8b13d575f6cd6cfa2d322c05a5070c070c07ac8f70d813c63e68b23e0ce3f20be4e2cd852f5199e5"
k8s.gcr.io/kube-apiserver-ppc64le:v1.23.0-alpha.3,SPDXRef-Package-k8s.gcr.io-kube-apiserver-ppc64le-v1.23.0-alpha.3,NONE,false,NOASSERTION,NOASSERTION,NOASSERTION,
68bfd4985b44e1afadb7a378ceb83ba1cfd34bfff31a60a4fdc5dd31150fb978/layer.tar,SPDXRef-Package-k8s.gcr.io-kube-apiserver-ppc64le-v1.23.0-alpha.3-68bfd4985b44e1afadb7a378ceb83ba1cfd34bfff31a60a4fdc5dd31150fb978-layer.tar,NONE,false,NOASSERTION,NOASSERTION,NOASSERTION,"SHA1: 761b5972832fb3e7ad611cb6ff90898d61d0b15e, SHA256: 5a047c690755659ce31fd0af7dbf1d9a50c34a92add97f93dc83bdb29406a4f6, SHA512: c037495011b67da964389b2c18c14ab8ec8bd6915cf25b0948c94c0053d53bb2b107d5131bc704d4563b3d7909c1f6a54358d299b54ea11eb24672ad915e39dc"
4b23cc7e70640968cd0fc0fa176badd319339dacc80bc13cc9716230070c30af/layer.tar,SPDXRef-Package-k8s.gcr.io-kube-apiserver-ppc64le-v1.23.0-alpha.3-4b23cc7e70640968cd0fc0fa176badd319339dacc80bc13cc9716230070c30af-layer.tar,NONE,false,NOASSERTION,NOASSERTION,NOASSERTION,"SHA1: 19820eef6ecb1c8677a725cffa4789b4db676830, SHA256: ba4e15ad7c717521ee9c6dc43037b13c36d575b1113a4a86e809da99d14d3866, SHA512: 58ddf5e2d4b5c470800c11b0f64df439fc157ee65470272b5e71084226c741e18b2be46915b8e9eee8fd6a14de7f8621e80431672c3bcd9fe91d77b0ec9e9133"
225e852b1b7c2a28abdebc6c58ece6816793cd00896fcfa3c7e49503053af5f7/layer.tar,SPDXRef-Package-k8s.gcr.io-kube-apiserver-ppc64le-v1.23.0-alpha.3-225e852b1b7c2a28abdebc6c58ece6816793cd00896fcfa3c7e49503053af5f7-layer.tar,NONE,false,NOASSERTION,NOASSERTION,NOASSERTION,"SHA1: e14210925976098b5e9ba3e706c54773d3af54ab, SHA256: b5e40be27ffe12bd60386a01c1b2a38e0ca6cf5b3e546450fc25cd4645e953ec, SHA512: 1ad61688f8ac04a46ad30da7fd54687bc049c867423b73f65332f52db11616c0ee54fe88b3513ab93f027f9078df6bbc37e8536a5a1fe54987dbafa1ddecbef0"
k8s.gcr.io/kube-apiserver-s390x:v1.23.0-alpha.3,SPDXRef-Package-k8s.gcr.io-kube-apiserver-s390x-v1.23.0-alpha.3,NONE,false,NOASSERTION,NOASSERTION,NOASSERTION,
fe0068ba290f132f5b397c7e4fe2d3729717985b80c79275f9307d1ecf04b79d/layer.tar,SPDXRef-Package-k8s.gcr.io-kube-apiserver-s390x-v1.23.0-alpha.3-fe0068ba290f132f5b397c7e4fe2d3729717985b80c79275f9307d1ecf04b79d-layer.tar,NONE,false,NOASSERTION,NOASSERTION,NOASSERTION,"SHA1: 09c3ed745633a7521d9a7ffc1829c21b968407e7, SHA256: f9755cb0ad7757b9d73f91483c249ecc812def350f8d473396e4430dce558fe1, SHA512: 307660f093683f733e1883cc8d259f924dfea377bcd05c00bb24847a183faee0df76f28f2252925af484f2c0e94e9eb39fa7d4db88d89765fa132b2ab04328ac"
1f23b70588c706085302ae5ea4170c9bb6deafc4660c1dae84cb443e700e1075/layer.tar,SPDXRef-Package-k8s.gcr.io-kube-apiserver-s390x-v1.23.0-alpha.3-1f23b70588c706085302ae5ea4170c9bb6deafc4660c1dae84cb443e700e1075-layer.tar,NONE,false,NOASSERTION,NOASSERTION,NOASSERTION,"SHA1: aa0a05e5f040f9e389553477b4916db952cfc1e3, SHA256: 4b401612744f7f273a2cbfd9e70c29430dac1ed0ebc087f2fb576d6ada729647, SHA512: b968fd86bf4d2711822fbf781422ade9032a7c3d2df39dc52db5d0adf2f887b468471bb491f91699d164046f997bdea0b0c1e1b7a80efe427d60f4fedb42d83e"
4c0d2160cf35657497d905cdcb3e58f814e348680c5dfe87dadb77f30aca286b/layer.tar,SPDXRef-Package-k8s.gcr.io-kube-apiserver-s390x-v1.23.0-alpha.3-4c0d2160cf35657497d905cdcb3e58f814e348680c5dfe87dadb77f30aca286b-layer.tar,NONE,false,NOASSERTION,NOASSERTION,NOASSERTION,"SHA1: 852cdc17c81190da136978ccfd03832b162ba280, SHA256: b8e43dd0b96facc809a3f9de721c4e334283aa488dabb9814e2723280635ca5b, SHA512: dc9d07f5bd07d2b200abd39dc96e461c29399c9a1a3b926e4e004c945f5e0dc4fe4a673240f1f090e4328dccd465bd3ecad07673529f9f5919db6471fe89d888"
