dependencyName-Version,dependencyName,dependencyVersion,SPDXID
google.golang.org/genproto/googleapis/rpc-v0.0.0-20230525234030-28d5490b6b19,google.golang.org/genproto/googleapis/rpc,v0.0.0-20230525234030-28d5490b6b19,"SPDXRef-Package-gomod-google.golang.org-genproto-googleapis-rpc-v0.0.0-20230525234030-28d5490b6b19
"
golang.org/x/mod-v0.10.0,golang.org/x/mod,v0.10.0,"SPDXRef-Package-gomod-golang.org-x-mod-v0.10.0
"
google.golang.org/protobuf-v1.31.0,google.golang.org/protobuf,v1.31.0,"SPDXRef-Package-gomod-google.golang.org-protobuf-v1.31.0
"
google.golang.org/genproto-v0.0.0-20230526161137-0005af68ea54,google.golang.org/genproto,v0.0.0-20230526161137-0005af68ea54,"SPDXRef-Package-gomod-google.golang.org-genproto-v0.0.0-20230526161137-0005af68ea54
"
github.com/Azure/azure-sdk-for-go-v68.0.0,github.com/Azure/azure-sdk-for-go,v68.0.0,"SPDXRef-Package-gomod-github.com-Azure-azure-sdk-for-go-v68.0.0C43incompatible
"
github.com/prometheus/client_golang-v1.16.0,github.com/prometheus/client_golang,v1.16.0,"SPDXRef-Package-gomod-github.com-prometheus-clientC95golang-v1.16.0
"
golang.org/x/net-v0.13.0,golang.org/x/net,v0.13.0,"SPDXRef-Package-gomod-golang.org-x-net-v0.13.0
"
go.etcd.io/etcd/server/v3-v3.5.9,go.etcd.io/etcd/server/v3,v3.5.9,"SPDXRef-Package-gomod-go.etcd.io-etcd-server-v3-v3.5.9
"
github.com/moby/sys/mountinfo-v0.6.2,github.com/moby/sys/mountinfo,v0.6.2,"SPDXRef-Package-gomod-github.com-moby-sys-mountinfo-v0.6.2
"
github.com/peterbourgon/diskv-v2.0.1,github.com/peterbourgon/diskv,v2.0.1,"SPDXRef-Package-gomod-github.com-peterbourgon-diskv-v2.0.1C43incompatible
"
github.com/robfig/cron/v3-v3.0.1,github.com/robfig/cron/v3,v3.0.1,"SPDXRef-Package-gomod-github.com-robfig-cron-v3-v3.0.1
"
k8s.io/sample-apiserver-v0.0.0,k8s.io/sample-apiserver,v0.0.0,"SPDXRef-Package-gomod-k8s.io-sample-apiserver-v0.0.0
"
k8s.io/cluster-bootstrap-v0.0.0,k8s.io/cluster-bootstrap,v0.0.0,"SPDXRef-Package-gomod-k8s.io-cluster-bootstrap-v0.0.0
"
github.com/prometheus/procfs-v0.10.1,github.com/prometheus/procfs,v0.10.1,"SPDXRef-Package-gomod-github.com-prometheus-procfs-v0.10.1
"
go.uber.org/zap-v1.19.0,go.uber.org/zap,v1.19.0,"SPDXRef-Package-gomod-go.uber.org-zap-v1.19.0
"
go.etcd.io/etcd/client/pkg/v3-v3.5.9,go.etcd.io/etcd/client/pkg/v3,v3.5.9,"SPDXRef-Package-gomod-go.etcd.io-etcd-client-pkg-v3-v3.5.9
"
github.com/cenkalti/backoff/v4-v4.2.1,github.com/cenkalti/backoff/v4,v4.2.1,"SPDXRef-Package-gomod-github.com-cenkalti-backoff-v4-v4.2.1
"
github.com/google/cel-go-v0.17.6,github.com/google/cel-go,v0.17.6,"SPDXRef-Package-gomod-github.com-google-cel-go-v0.17.6
"
github.com/modern-go/concurrent-v0.0.0-20180306012644-bacd9c7ef1dd,github.com/modern-go/concurrent,v0.0.0-20180306012644-bacd9c7ef1dd,"SPDXRef-Package-gomod-github.com-modern-go-concurrent-v0.0.0-20180306012644-bacd9c7ef1dd
"
k8s.io/csi-translation-lib-v0.0.0,k8s.io/csi-translation-lib,v0.0.0,"SPDXRef-Package-gomod-k8s.io-csi-translation-lib-v0.0.0
"
github.com/tmc/grpc-websocket-proxy-v0.0.0-20220101234140-673ab2c3ae75,github.com/tmc/grpc-websocket-proxy,v0.0.0-20220101234140-673ab2c3ae75,"SPDXRef-Package-gomod-github.com-tmc-grpc-websocket-proxy-v0.0.0-20220101234140-673ab2c3ae75
"
go.opentelemetry.io/otel/exporters/otlp/otlptrace-v1.10.0,go.opentelemetry.io/otel/exporters/otlp/otlptrace,v1.10.0,"SPDXRef-Package-gomod-go.opentelemetry.io-otel-exporters-otlp-otlptrace-v1.10.0
"
k8s.io/utils-v0.0.0-20230726121419-3b25d923346b,k8s.io/utils,v0.0.0-20230726121419-3b25d923346b,"SPDXRef-Package-gomod-k8s.io-utils-v0.0.0-20230726121419-3b25d923346b
"
github.com/go-logr/zapr-v1.2.3,github.com/go-logr/zapr,v1.2.3,"SPDXRef-Package-gomod-github.com-go-logr-zapr-v1.2.3
"
k8s.io/mount-utils-v0.0.0,k8s.io/mount-utils,v0.0.0,"SPDXRef-Package-gomod-k8s.io-mount-utils-v0.0.0
"
github.com/Azure/go-autorest/autorest/validation-v0.3.1,github.com/Azure/go-autorest/autorest/validation,v0.3.1,"SPDXRef-Package-gomod-github.com-Azure-go-autorest-autorest-validation-v0.3.1
"
github.com/coredns/corefile-migration-v1.0.21,github.com/coredns/corefile-migration,v1.0.21,"SPDXRef-Package-gomod-github.com-coredns-corefile-migration-v1.0.21
"
github.com/opencontainers/selinux-v1.11.0,github.com/opencontainers/selinux,v1.11.0,"SPDXRef-Package-gomod-github.com-opencontainers-selinux-v1.11.0
"
gopkg.in/inf.v0-v0.9.1,gopkg.in/inf.v0,v0.9.1,"SPDXRef-Package-gomod-gopkg.in-inf.v0-v0.9.1
"
k8s.io/api-v0.0.0,k8s.io/api,v0.0.0,"SPDXRef-Package-gomod-k8s.io-api-v0.0.0
"
github.com/pquerna/cachecontrol-v0.1.0,github.com/pquerna/cachecontrol,v0.1.0,"SPDXRef-Package-gomod-github.com-pquerna-cachecontrol-v0.1.0
"
k8s.io/dynamic-resource-allocation-v0.0.0,k8s.io/dynamic-resource-allocation,v0.0.0,"SPDXRef-Package-gomod-k8s.io-dynamic-resource-allocation-v0.0.0
"
github.com/opencontainers/go-digest-v1.0.0,github.com/opencontainers/go-digest,v1.0.0,"SPDXRef-Package-gomod-github.com-opencontainers-go-digest-v1.0.0
"
github.com/sirupsen/logrus-v1.9.0,github.com/sirupsen/logrus,v1.9.0,"SPDXRef-Package-gomod-github.com-sirupsen-logrus-v1.9.0
"
k8s.io/kubectl-v0.0.0,k8s.io/kubectl,v0.0.0,"SPDXRef-Package-gomod-k8s.io-kubectl-v0.0.0
"
gopkg.in/square/go-jose.v2-v2.6.0,gopkg.in/square/go-jose.v2,v2.6.0,"SPDXRef-Package-gomod-gopkg.in-square-go-jose.v2-v2.6.0
"
gopkg.in/gcfg.v1-v1.2.3,gopkg.in/gcfg.v1,v1.2.3,"SPDXRef-Package-gomod-gopkg.in-gcfg.v1-v1.2.3
"
golang.org/x/oauth2-v0.8.0,golang.org/x/oauth2,v0.8.0,"SPDXRef-Package-gomod-golang.org-x-oauth2-v0.8.0
"
github.com/golang/protobuf-v1.5.3,github.com/golang/protobuf,v1.5.3,"SPDXRef-Package-gomod-github.com-golang-protobuf-v1.5.3
"
github.com/fvbommel/sortorder-v1.1.0,github.com/fvbommel/sortorder,v1.1.0,"SPDXRef-Package-gomod-github.com-fvbommel-sortorder-v1.1.0
"
github.com/coreos/go-oidc-v2.2.1,github.com/coreos/go-oidc,v2.2.1,"SPDXRef-Package-gomod-github.com-coreos-go-oidc-v2.2.1C43incompatible
"
go.etcd.io/etcd/pkg/v3-v3.5.9,go.etcd.io/etcd/pkg/v3,v3.5.9,"SPDXRef-Package-gomod-go.etcd.io-etcd-pkg-v3-v3.5.9
"
k8s.io/system-validators-v1.8.0,k8s.io/system-validators,v1.8.0,"SPDXRef-Package-gomod-k8s.io-system-validators-v1.8.0
"
sigs.k8s.io/structured-merge-diff/v4-v4.3.0,sigs.k8s.io/structured-merge-diff/v4,v4.3.0,"SPDXRef-Package-gomod-sigs.k8s.io-structured-merge-diff-v4-v4.3.0
"
go.opentelemetry.io/contrib/instrumentation/github.com/emicklei/go-restful/otelrestful-v0.35.0,go.opentelemetry.io/contrib/instrumentation/github.com/emicklei/go-restful/otelrestful,v0.35.0,"SPDXRef-Package-gomod-go.opentelemetry.io-contrib-instrumentation-github.com-emicklei-go-restful-otelrestful-v0.35.0
"
github.com/dustin/go-humanize-v1.0.1,github.com/dustin/go-humanize,v1.0.1,"SPDXRef-Package-gomod-github.com-dustin-go-humanize-v1.0.1
"
github.com/ishidawataru/sctp-v0.0.0-20190723014705-7c296d48a2b5,github.com/ishidawataru/sctp,v0.0.0-20190723014705-7c296d48a2b5,"SPDXRef-Package-gomod-github.com-ishidawataru-sctp-v0.0.0-20190723014705-7c296d48a2b5
"
github.com/mailru/easyjson-v0.7.7,github.com/mailru/easyjson,v0.7.7,"SPDXRef-Package-gomod-github.com-mailru-easyjson-v0.7.7
"
github.com/gogo/protobuf-v1.3.2,github.com/gogo/protobuf,v1.3.2,"SPDXRef-Package-gomod-github.com-gogo-protobuf-v1.3.2
"
github.com/lithammer/dedent-v1.1.0,github.com/lithammer/dedent,v1.1.0,"SPDXRef-Package-gomod-github.com-lithammer-dedent-v1.1.0
"
github.com/go-openapi/jsonpointer-v0.19.6,github.com/go-openapi/jsonpointer,v0.19.6,"SPDXRef-Package-gomod-github.com-go-openapi-jsonpointer-v0.19.6
"
github.com/google/gnostic-models-v0.6.8,github.com/google/gnostic-models,v0.6.8,"SPDXRef-Package-gomod-github.com-google-gnostic-models-v0.6.8
"
go.opentelemetry.io/contrib/instrumentation/net/http/otelhttp-v0.35.1,go.opentelemetry.io/contrib/instrumentation/net/http/otelhttp,v0.35.1,"SPDXRef-Package-gomod-go.opentelemetry.io-contrib-instrumentation-net-http-otelhttp-v0.35.1
"
github.com/moby/term-v0.0.0-20221205130635-1aeaba878587,github.com/moby/term,v0.0.0-20221205130635-1aeaba878587,"SPDXRef-Package-gomod-github.com-moby-term-v0.0.0-20221205130635-1aeaba878587
"
k8s.io/kube-proxy-v0.0.0,k8s.io/kube-proxy,v0.0.0,"SPDXRef-Package-gomod-k8s.io-kube-proxy-v0.0.0
"
github.com/MakeNowJust/heredoc-v1.0.0,github.com/MakeNowJust/heredoc,v1.0.0,"SPDXRef-Package-gomod-github.com-MakeNowJust-heredoc-v1.0.0
"
go.uber.org/atomic-v1.10.0,go.uber.org/atomic,v1.10.0,"SPDXRef-Package-gomod-go.uber.org-atomic-v1.10.0
"
github.com/google/uuid-v1.3.0,github.com/google/uuid,v1.3.0,"SPDXRef-Package-gomod-github.com-google-uuid-v1.3.0
"
github.com/cpuguy83/go-md2man/v2-v2.0.2,github.com/cpuguy83/go-md2man/v2,v2.0.2,"SPDXRef-Package-gomod-github.com-cpuguy83-go-md2man-v2-v2.0.2
"
github.com/fatih/camelcase-v1.0.0,github.com/fatih/camelcase,v1.0.0,"SPDXRef-Package-gomod-github.com-fatih-camelcase-v1.0.0
"
bitbucket.org/bertimus9/systemstat-v0.5.0,bitbucket.org/bertimus9/systemstat,v0.5.0,"SPDXRef-Package-gomod-bitbucket.org-bertimus9-systemstat-v0.5.0
"
sigs.k8s.io/apiserver-network-proxy/konnectivity-client-v0.28.0,sigs.k8s.io/apiserver-network-proxy/konnectivity-client,v0.28.0,"SPDXRef-Package-gomod-sigs.k8s.io-apiserver-network-proxy-konnectivity-client-v0.28.0
"
github.com/go-openapi/swag-v0.22.3,github.com/go-openapi/swag,v0.22.3,"SPDXRef-Package-gomod-github.com-go-openapi-swag-v0.22.3
"
go.opentelemetry.io/otel/exporters/otlp/internal/retry-v1.10.0,go.opentelemetry.io/otel/exporters/otlp/internal/retry,v1.10.0,"SPDXRef-Package-gomod-go.opentelemetry.io-otel-exporters-otlp-internal-retry-v1.10.0
"
github.com/opencontainers/runtime-spec-v1.0.3-0.20220909204839-494a5a6aca78,github.com/opencontainers/runtime-spec,v1.0.3-0.20220909204839-494a5a6aca78,"SPDXRef-Package-gomod-github.com-opencontainers-runtime-spec-v1.0.3-0.20220909204839-494a5a6aca78
"
go.opentelemetry.io/otel/exporters/otlp/otlptrace/otlptracegrpc-v1.10.0,go.opentelemetry.io/otel/exporters/otlp/otlptrace/otlptracegrpc,v1.10.0,"SPDXRef-Package-gomod-go.opentelemetry.io-otel-exporters-otlp-otlptrace-otlptracegrpc-v1.10.0
"
github.com/stretchr/testify-v1.8.2,github.com/stretchr/testify,v1.8.2,"SPDXRef-Package-gomod-github.com-stretchr-testify-v1.8.2
"
github.com/chai2010/gettext-go-v1.0.2,github.com/chai2010/gettext-go,v1.0.2,"SPDXRef-Package-gomod-github.com-chai2010-gettext-go-v1.0.2
"
k8s.io/klog/v2-v2.100.1,k8s.io/klog/v2,v2.100.1,"SPDXRef-Package-gomod-k8s.io-klog-v2-v2.100.1
"
k8s.io/apiserver-v0.0.0,k8s.io/apiserver,v0.0.0,"SPDXRef-Package-gomod-k8s.io-apiserver-v0.0.0
"
github.com/Azure/go-autorest/autorest-v0.11.29,github.com/Azure/go-autorest/autorest,v0.11.29,"SPDXRef-Package-gomod-github.com-Azure-go-autorest-autorest-v0.11.29
"
github.com/golang/mock-v1.6.0,github.com/golang/mock,v1.6.0,"SPDXRef-Package-gomod-github.com-golang-mock-v1.6.0
"
golang.org/x/sys-v0.10.0,golang.org/x/sys,v0.10.0,"SPDXRef-Package-gomod-golang.org-x-sys-v0.10.0
"
sigs.k8s.io/kustomize/api-v0.13.5-0.20230601165947-6ce0bf390ce3,sigs.k8s.io/kustomize/api,v0.13.5-0.20230601165947-6ce0bf390ce3,"SPDXRef-Package-gomod-sigs.k8s.io-kustomize-api-v0.13.5-0.20230601165947-6ce0bf390ce3
"
github.com/asaskevich/govalidator-v0.0.0-20190424111038-f61b66f89f4a,github.com/asaskevich/govalidator,v0.0.0-20190424111038-f61b66f89f4a,"SPDXRef-Package-gomod-github.com-asaskevich-govalidator-v0.0.0-20190424111038-f61b66f89f4a
"
github.com/jonboulle/clockwork-v0.2.2,github.com/jonboulle/clockwork,v0.2.2,"SPDXRef-Package-gomod-github.com-jonboulle-clockwork-v0.2.2
"
sigs.k8s.io/yaml-v1.3.0,sigs.k8s.io/yaml,v1.3.0,"SPDXRef-Package-gomod-sigs.k8s.io-yaml-v1.3.0
"
k8s.io/apiextensions-apiserver-v0.0.0,k8s.io/apiextensions-apiserver,v0.0.0,"SPDXRef-Package-gomod-k8s.io-apiextensions-apiserver-v0.0.0
"
golang.org/x/tools-v0.8.0,golang.org/x/tools,v0.8.0,"SPDXRef-Package-gomod-golang.org-x-tools-v0.8.0
"
github.com/go-errors/errors-v1.4.2,github.com/go-errors/errors,v1.4.2,"SPDXRef-Package-gomod-github.com-go-errors-errors-v1.4.2
"
github.com/matttproud/golang_protobuf_extensions-v1.0.4,github.com/matttproud/golang_protobuf_extensions,v1.0.4,"SPDXRef-Package-gomod-github.com-matttproud-golangC95protobufC95extensions-v1.0.4
"
github.com/checkpoint-restore/go-criu/v5-v5.3.0,github.com/checkpoint-restore/go-criu/v5,v5.3.0,"SPDXRef-Package-gomod-github.com-checkpoint-restore-go-criu-v5-v5.3.0
"
github.com/go-logr/stdr-v1.2.2,github.com/go-logr/stdr,v1.2.2,"SPDXRef-Package-gomod-github.com-go-logr-stdr-v1.2.2
"
golang.org/x/text-v0.11.0,golang.org/x/text,v0.11.0,"SPDXRef-Package-gomod-golang.org-x-text-v0.11.0
"
golang.org/x/crypto-v0.11.0,golang.org/x/crypto,v0.11.0,"SPDXRef-Package-gomod-golang.org-x-crypto-v0.11.0
"
github.com/containerd/cgroups-v1.1.0,github.com/containerd/cgroups,v1.1.0,"SPDXRef-Package-gomod-github.com-containerd-cgroups-v1.1.0
"
cloud.google.com/go/compute/metadata-v0.2.3,cloud.google.com/go/compute/metadata,v0.2.3,"SPDXRef-Package-gomod-cloud.google.com-go-compute-metadata-v0.2.3
"
github.com/xlab/treeprint-v1.2.0,github.com/xlab/treeprint,v1.2.0,"SPDXRef-Package-gomod-github.com-xlab-treeprint-v1.2.0
"
go.uber.org/multierr-v1.11.0,go.uber.org/multierr,v1.11.0,"SPDXRef-Package-gomod-go.uber.org-multierr-v1.11.0
"
github.com/godbus/dbus/v5-v5.0.6,github.com/godbus/dbus/v5,v5.0.6,"SPDXRef-Package-gomod-github.com-godbus-dbus-v5-v5.0.6
"
github.com/stoewer/go-strcase-v1.2.0,github.com/stoewer/go-strcase,v1.2.0,"SPDXRef-Package-gomod-github.com-stoewer-go-strcase-v1.2.0
"
go.etcd.io/etcd/api/v3-v3.5.9,go.etcd.io/etcd/api/v3,v3.5.9,"SPDXRef-Package-gomod-go.etcd.io-etcd-api-v3-v3.5.9
"
k8s.io/kubelet-v0.0.0,k8s.io/kubelet,v0.0.0,"SPDXRef-Package-gomod-k8s.io-kubelet-v0.0.0
"
github.com/Azure/go-autorest/logger-v0.2.1,github.com/Azure/go-autorest/logger,v0.2.1,"SPDXRef-Package-gomod-github.com-Azure-go-autorest-logger-v0.2.1
"
github.com/josharian/intern-v1.0.0,github.com/josharian/intern,v1.0.0,"SPDXRef-Package-gomod-github.com-josharian-intern-v1.0.0
"
github.com/containerd/console-v1.0.3,github.com/containerd/console,v1.0.3,"SPDXRef-Package-gomod-github.com-containerd-console-v1.0.3
"
github.com/monochromegane/go-gitignore-v0.0.0-20200626010858-205db1a8cc00,github.com/monochromegane/go-gitignore,v0.0.0-20200626010858-205db1a8cc00,"SPDXRef-Package-gomod-github.com-monochromegane-go-gitignore-v0.0.0-20200626010858-205db1a8cc00
"
github.com/liggitt/tabwriter-v0.0.0-20181228230101-89fcab3d43de,github.com/liggitt/tabwriter,v0.0.0-20181228230101-89fcab3d43de,"SPDXRef-Package-gomod-github.com-liggitt-tabwriter-v0.0.0-20181228230101-89fcab3d43de
"
github.com/antlr/antlr4/runtime/Go/antlr/v4-v4.0.0-20230305170008-8188dc5388df,github.com/antlr/antlr4/runtime/Go/antlr/v4,v4.0.0-20230305170008-8188dc5388df,"SPDXRef-Package-gomod-github.com-antlr-antlr4-runtime-Go-antlr-v4-v4.0.0-20230305170008-8188dc5388df
"
k8s.io/client-go-v0.0.0,k8s.io/client-go,v0.0.0,"SPDXRef-Package-gomod-k8s.io-client-go-v0.0.0
"
k8s.io/cri-api-v0.0.0,k8s.io/cri-api,v0.0.0,"SPDXRef-Package-gomod-k8s.io-cri-api-v0.0.0
"
github.com/spf13/pflag-v1.0.5,github.com/spf13/pflag,v1.0.5,"SPDXRef-Package-gomod-github.com-spf13-pflag-v1.0.5
"
github.com/modern-go/reflect2-v1.0.2,github.com/modern-go/reflect2,v1.0.2,"SPDXRef-Package-gomod-github.com-modern-go-reflect2-v1.0.2
"
github.com/soheilhy/cmux-v0.1.5,github.com/soheilhy/cmux,v0.1.5,"SPDXRef-Package-gomod-github.com-soheilhy-cmux-v0.1.5
"
k8s.io/apimachinery-v0.0.0,k8s.io/apimachinery,v0.0.0,"SPDXRef-Package-gomod-k8s.io-apimachinery-v0.0.0
"
github.com/prometheus/common-v0.44.0,github.com/prometheus/common,v0.44.0,"SPDXRef-Package-gomod-github.com-prometheus-common-v0.44.0
"
k8s.io/component-helpers-v0.0.0,k8s.io/component-helpers,v0.0.0,"SPDXRef-Package-gomod-k8s.io-component-helpers-v0.0.0
"
k8s.io/cli-runtime-v0.0.0,k8s.io/cli-runtime,v0.0.0,"SPDXRef-Package-gomod-k8s.io-cli-runtime-v0.0.0
"
k8s.io/kube-openapi-v0.0.0-20230905202853-d090da108d2f,k8s.io/kube-openapi,v0.0.0-20230905202853-d090da108d2f,"SPDXRef-Package-gomod-k8s.io-kube-openapi-v0.0.0-20230905202853-d090da108d2f
"
github.com/go-openapi/jsonreference-v0.20.2,github.com/go-openapi/jsonreference,v0.20.2,"SPDXRef-Package-gomod-github.com-go-openapi-jsonreference-v0.20.2
"
go.opentelemetry.io/otel-v1.10.0,go.opentelemetry.io/otel,v1.10.0,"SPDXRef-Package-gomod-go.opentelemetry.io-otel-v1.10.0
"
github.com/opencontainers/runc-v1.1.9,github.com/opencontainers/runc,v1.1.9,"SPDXRef-Package-gomod-github.com-opencontainers-runc-v1.1.9
"
github.com/mrunalp/fileutils-v0.5.0,github.com/mrunalp/fileutils,v0.5.0,"SPDXRef-Package-gomod-github.com-mrunalp-fileutils-v0.5.0
"
k8s.io/controller-manager-v0.0.0,k8s.io/controller-manager,v0.0.0,"SPDXRef-Package-gomod-k8s.io-controller-manager-v0.0.0
"
go.etcd.io/etcd/raft/v3-v3.5.9,go.etcd.io/etcd/raft/v3,v3.5.9,"SPDXRef-Package-gomod-go.etcd.io-etcd-raft-v3-v3.5.9
"
github.com/vmware/govmomi-v0.30.6,github.com/vmware/govmomi,v0.30.6,"SPDXRef-Package-gomod-github.com-vmware-govmomi-v0.30.6
"
github.com/coreos/go-semver-v0.3.1,github.com/coreos/go-semver,v0.3.1,"SPDXRef-Package-gomod-github.com-coreos-go-semver-v0.3.1
"
github.com/Azure/go-autorest/autorest/date-v0.3.0,github.com/Azure/go-autorest/autorest/date,v0.3.0,"SPDXRef-Package-gomod-github.com-Azure-go-autorest-autorest-date-v0.3.0
"
github.com/cilium/ebpf-v0.9.1,github.com/cilium/ebpf,v0.9.1,"SPDXRef-Package-gomod-github.com-cilium-ebpf-v0.9.1
"
go.opencensus.io-v0.24.0,go.opencensus.io,v0.24.0,"SPDXRef-Package-gomod-go.opencensus.io-v0.24.0
"
github.com/googleapis/gax-go/v2-v2.7.1,github.com/googleapis/gax-go/v2,v2.7.1,"SPDXRef-Package-gomod-github.com-googleapis-gax-go-v2-v2.7.1
"
github.com/container-storage-interface/spec-v1.8.0,github.com/container-storage-interface/spec,v1.8.0,"SPDXRef-Package-gomod-github.com-container-storage-interface-spec-v1.8.0
"
gopkg.in/yaml.v2-v2.4.0,gopkg.in/yaml.v2,v2.4.0,"SPDXRef-Package-gomod-gopkg.in-yaml.v2-v2.4.0
"
github.com/felixge/httpsnoop-v1.0.3,github.com/felixge/httpsnoop,v1.0.3,"SPDXRef-Package-gomod-github.com-felixge-httpsnoop-v1.0.3
"
github.com/vishvananda/netns-v0.0.4,github.com/vishvananda/netns,v0.0.4,"SPDXRef-Package-gomod-github.com-vishvananda-netns-v0.0.4
"
gopkg.in/natefinch/lumberjack.v2-v2.2.1,gopkg.in/natefinch/lumberjack.v2,v2.2.1,"SPDXRef-Package-gomod-gopkg.in-natefinch-lumberjack.v2-v2.2.1
"
github.com/google/gofuzz-v1.2.0,github.com/google/gofuzz,v1.2.0,"SPDXRef-Package-gomod-github.com-google-gofuzz-v1.2.0
"
go.opentelemetry.io/proto/otlp-v0.19.0,go.opentelemetry.io/proto/otlp,v0.19.0,"SPDXRef-Package-gomod-go.opentelemetry.io-proto-otlp-v0.19.0
"
github.com/go-logr/logr-v1.2.4,github.com/go-logr/logr,v1.2.4,"SPDXRef-Package-gomod-github.com-go-logr-logr-v1.2.4
"
github.com/beorn7/perks-v1.0.1,github.com/beorn7/perks,v1.0.1,"SPDXRef-Package-gomod-github.com-beorn7-perks-v1.0.1
"
k8s.io/kms-v0.0.0,k8s.io/kms,v0.0.0,"SPDXRef-Package-gomod-k8s.io-kms-v0.0.0
"
google.golang.org/grpc-v1.54.0,google.golang.org/grpc,v1.54.0,"SPDXRef-Package-gomod-google.golang.org-grpc-v1.54.0
"
golang.org/x/sync-v0.2.0,golang.org/x/sync,v0.2.0,"SPDXRef-Package-gomod-golang.org-x-sync-v0.2.0
"
github.com/mohae/deepcopy-v0.0.0-20170603005431-491d3605edfb,github.com/mohae/deepcopy,v0.0.0-20170603005431-491d3605edfb,"SPDXRef-Package-gomod-github.com-mohae-deepcopy-v0.0.0-20170603005431-491d3605edfb
"
github.com/cespare/xxhash/v2-v2.2.0,github.com/cespare/xxhash/v2,v2.2.0,"SPDXRef-Package-gomod-github.com-cespare-xxhash-v2-v2.2.0
"
go.uber.org/goleak-v1.2.1,go.uber.org/goleak,v1.2.1,"SPDXRef-Package-gomod-go.uber.org-goleak-v1.2.1
"
github.com/distribution/reference-v0.5.0,github.com/distribution/reference,v0.5.0,"SPDXRef-Package-gomod-github.com-distribution-reference-v0.5.0
"
github.com/GoogleCloudPlatform/k8s-cloud-provider-v1.18.1-0.20220218231025-f11817397a1b,github.com/GoogleCloudPlatform/k8s-cloud-provider,v1.18.1-0.20220218231025-f11817397a1b,"SPDXRef-Package-gomod-github.com-GoogleCloudPlatform-k8s-cloud-provider-v1.18.1-0.20220218231025-f11817397a1b
"
github.com/davecgh/go-spew-v1.1.1,github.com/davecgh/go-spew,v1.1.1,"SPDXRef-Package-gomod-github.com-davecgh-go-spew-v1.1.1
"
github.com/euank/go-kmsg-parser-v2.0.0,github.com/euank/go-kmsg-parser,v2.0.0,"SPDXRef-Package-gomod-github.com-euank-go-kmsg-parser-v2.0.0C43incompatible
"
golang.org/x/exp-v0.0.0-20220722155223-a9213eeb770e,golang.org/x/exp,v0.0.0-20220722155223-a9213eeb770e,"SPDXRef-Package-gomod-golang.org-x-exp-v0.0.0-20220722155223-a9213eeb770e
"
github.com/grpc-ecosystem/grpc-gateway/v2-v2.7.0,github.com/grpc-ecosystem/grpc-gateway/v2,v2.7.0,"SPDXRef-Package-gomod-github.com-grpc-ecosystem-grpc-gateway-v2-v2.7.0
"
github.com/containerd/ttrpc-v1.2.2,github.com/containerd/ttrpc,v1.2.2,"SPDXRef-Package-gomod-github.com-containerd-ttrpc-v1.2.2
"
github.com/mitchellh/go-wordwrap-v1.0.1,github.com/mitchellh/go-wordwrap,v1.0.1,"SPDXRef-Package-gomod-github.com-mitchellh-go-wordwrap-v1.0.1
"
github.com/Azure/go-autorest/tracing-v0.6.0,github.com/Azure/go-autorest/tracing,v0.6.0,"SPDXRef-Package-gomod-github.com-Azure-go-autorest-tracing-v0.6.0
"
github.com/gofrs/uuid-v4.4.0,github.com/gofrs/uuid,v4.4.0,"SPDXRef-Package-gomod-github.com-gofrs-uuid-v4.4.0C43incompatible
"
github.com/vishvananda/netlink-v1.1.0,github.com/vishvananda/netlink,v1.1.0,"SPDXRef-Package-gomod-github.com-vishvananda-netlink-v1.1.0
"
github.com/NYTimes/gziphandler-v1.1.1,github.com/NYTimes/gziphandler,v1.1.1,"SPDXRef-Package-gomod-github.com-NYTimes-gziphandler-v1.1.1
"
k8s.io/kube-scheduler-v0.0.0,k8s.io/kube-scheduler,v0.0.0,"SPDXRef-Package-gomod-k8s.io-kube-scheduler-v0.0.0
"
github.com/moby/ipvs-v1.1.0,github.com/moby/ipvs,v1.1.0,"SPDXRef-Package-gomod-github.com-moby-ipvs-v1.1.0
"
sigs.k8s.io/json-v0.0.0-20221116044647-bc3834ca7abd,sigs.k8s.io/json,v0.0.0-20221116044647-bc3834ca7abd,"SPDXRef-Package-gomod-sigs.k8s.io-json-v0.0.0-20221116044647-bc3834ca7abd
"
google.golang.org/api-v0.114.0,google.golang.org/api,v0.114.0,"SPDXRef-Package-gomod-google.golang.org-api-v0.114.0
"
github.com/google/cadvisor-v0.47.3,github.com/google/cadvisor,v0.47.3,"SPDXRef-Package-gomod-github.com-google-cadvisor-v0.47.3
"
sigs.k8s.io/kustomize/kyaml-v0.14.3-0.20230601165947-6ce0bf390ce3,sigs.k8s.io/kustomize/kyaml,v0.14.3-0.20230601165947-6ce0bf390ce3,"SPDXRef-Package-gomod-sigs.k8s.io-kustomize-kyaml-v0.14.3-0.20230601165947-6ce0bf390ce3
"
sigs.k8s.io/kustomize/kustomize/v5-v5.0.4-0.20230601165947-6ce0bf390ce3,sigs.k8s.io/kustomize/kustomize/v5,v5.0.4-0.20230601165947-6ce0bf390ce3,"SPDXRef-Package-gomod-sigs.k8s.io-kustomize-kustomize-v5-v5.0.4-0.20230601165947-6ce0bf390ce3
"
github.com/xiang90/probing-v0.0.0-20190116061207-43a291ad63a2,github.com/xiang90/probing,v0.0.0-20190116061207-43a291ad63a2,"SPDXRef-Package-gomod-github.com-xiang90-probing-v0.0.0-20190116061207-43a291ad63a2
"
github.com/grpc-ecosystem/grpc-gateway-v1.16.0,github.com/grpc-ecosystem/grpc-gateway,v1.16.0,"SPDXRef-Package-gomod-github.com-grpc-ecosystem-grpc-gateway-v1.16.0
"
gopkg.in/yaml.v3-v3.0.1,gopkg.in/yaml.v3,v3.0.1,"SPDXRef-Package-gomod-gopkg.in-yaml.v3-v3.0.1
"
github.com/onsi/gomega-v1.27.6,github.com/onsi/gomega,v1.27.6,"SPDXRef-Package-gomod-github.com-onsi-gomega-v1.27.6
"
github.com/golang/groupcache-v0.0.0-20210331224755-41bb18bfe9da,github.com/golang/groupcache,v0.0.0-20210331224755-41bb18bfe9da,"SPDXRef-Package-gomod-github.com-golang-groupcache-v0.0.0-20210331224755-41bb18bfe9da
"
go.opentelemetry.io/contrib/instrumentation/google.golang.org/grpc/otelgrpc-v0.35.0,go.opentelemetry.io/contrib/instrumentation/google.golang.org/grpc/otelgrpc,v0.35.0,"SPDXRef-Package-gomod-go.opentelemetry.io-contrib-instrumentation-google.golang.org-grpc-otelgrpc-v0.35.0
"
go.opentelemetry.io/otel/metric-v0.31.0,go.opentelemetry.io/otel/metric,v0.31.0,"SPDXRef-Package-gomod-go.opentelemetry.io-otel-metric-v0.31.0
"
github.com/evanphx/json-patch-v4.12.0,github.com/evanphx/json-patch,v4.12.0,"SPDXRef-Package-gomod-github.com-evanphx-json-patch-v4.12.0C43incompatible
"
k8s.io/kube-aggregator-v0.0.0,k8s.io/kube-aggregator,v0.0.0,"SPDXRef-Package-gomod-k8s.io-kube-aggregator-v0.0.0
"
k8s.io/endpointslice-v0.0.0,k8s.io/endpointslice,v0.0.0,"SPDXRef-Package-gomod-k8s.io-endpointslice-v0.0.0
"
github.com/munnerz/goautoneg-v0.0.0-20191010083416-a7dc8b61c822,github.com/munnerz/goautoneg,v0.0.0-20191010083416-a7dc8b61c822,"SPDXRef-Package-gomod-github.com-munnerz-goautoneg-v0.0.0-20191010083416-a7dc8b61c822
"
github.com/prometheus/client_model-v0.4.0,github.com/prometheus/client_model,v0.4.0,"SPDXRef-Package-gomod-github.com-prometheus-clientC95model-v0.4.0
"
github.com/mistifyio/go-zfs-v2.1.2-0.20190413222219-f784269be439,github.com/mistifyio/go-zfs,v2.1.2-0.20190413222219-f784269be439,"SPDXRef-Package-gomod-github.com-mistifyio-go-zfs-v2.1.2-0.20190413222219-f784269be439C43incompatible
"
github.com/googleapis/enterprise-certificate-proxy-v0.2.3,github.com/googleapis/enterprise-certificate-proxy,v0.2.3,"SPDXRef-Package-gomod-github.com-googleapis-enterprise-certificate-proxy-v0.2.3
"
github.com/karrick/godirwalk-v1.17.0,github.com/karrick/godirwalk,v1.17.0,"SPDXRef-Package-gomod-github.com-karrick-godirwalk-v1.17.0
"
github.com/spf13/cobra-v1.7.0,github.com/spf13/cobra,v1.7.0,"SPDXRef-Package-gomod-github.com-spf13-cobra-v1.7.0
"
github.com/libopenstorage/openstorage-v1.0.0,github.com/libopenstorage/openstorage,v1.0.0,"SPDXRef-Package-gomod-github.com-libopenstorage-openstorage-v1.0.0
"
k8s.io/cloud-provider-v0.0.0,k8s.io/cloud-provider,v0.0.0,"SPDXRef-Package-gomod-k8s.io-cloud-provider-v0.0.0
"
github.com/syndtr/gocapability-v0.0.0-20200815063812-42c35b437635,github.com/syndtr/gocapability,v0.0.0-20200815063812-42c35b437635,"SPDXRef-Package-gomod-github.com-syndtr-gocapability-v0.0.0-20200815063812-42c35b437635
"
go.opentelemetry.io/otel/trace-v1.10.0,go.opentelemetry.io/otel/trace,v1.10.0,"SPDXRef-Package-gomod-go.opentelemetry.io-otel-trace-v1.10.0
"
github.com/mxk/go-flowrate-v0.0.0-20140419014527-cca7078d478f,github.com/mxk/go-flowrate,v0.0.0-20140419014527-cca7078d478f,"SPDXRef-Package-gomod-github.com-mxk-go-flowrate-v0.0.0-20140419014527-cca7078d478f
"
github.com/imdario/mergo-v0.3.6,github.com/imdario/mergo,v0.3.6,"SPDXRef-Package-gomod-github.com-imdario-mergo-v0.3.6
"
k8s.io/component-base-v0.0.0,k8s.io/component-base,v0.0.0,"SPDXRef-Package-gomod-k8s.io-component-base-v0.0.0
"
github.com/pkg/errors-v0.9.1,github.com/pkg/errors,v0.9.1,"SPDXRef-Package-gomod-github.com-pkg-errors-v0.9.1
"
github.com/docker/go-units-v0.5.0,github.com/docker/go-units,v0.5.0,"SPDXRef-Package-gomod-github.com-docker-go-units-v0.5.0
"
github.com/Azure/go-autorest/autorest/mocks-v0.4.2,github.com/Azure/go-autorest/autorest/mocks,v0.4.2,"SPDXRef-Package-gomod-github.com-Azure-go-autorest-autorest-mocks-v0.4.2
"
github.com/Azure/go-autorest/autorest/to-v0.4.0,github.com/Azure/go-autorest/autorest/to,v0.4.0,"SPDXRef-Package-gomod-github.com-Azure-go-autorest-autorest-to-v0.4.0
"
github.com/coredns/caddy-v1.1.1,github.com/coredns/caddy,v1.1.1,"SPDXRef-Package-gomod-github.com-coredns-caddy-v1.1.1
"
github.com/json-iterator/go-v1.1.12,github.com/json-iterator/go,v1.1.12,"SPDXRef-Package-gomod-github.com-json-iterator-go-v1.1.12
"
github.com/emicklei/go-restful/v3-v3.9.0,github.com/emicklei/go-restful/v3,v3.9.0,"SPDXRef-Package-gomod-github.com-emicklei-go-restful-v3-v3.9.0
"
github.com/pmezard/go-difflib-v1.0.0,github.com/pmezard/go-difflib,v1.0.0,"SPDXRef-Package-gomod-github.com-pmezard-go-difflib-v1.0.0
"
github.com/gregjones/httpcache-v0.0.0-20180305231024-9cad4c3443a7,github.com/gregjones/httpcache,v0.0.0-20180305231024-9cad4c3443a7,"SPDXRef-Package-gomod-github.com-gregjones-httpcache-v0.0.0-20180305231024-9cad4c3443a7
"
github.com/blang/semver/v4-v4.0.0,github.com/blang/semver/v4,v4.0.0,"SPDXRef-Package-gomod-github.com-blang-semver-v4-v4.0.0
"
github.com/google/btree-v1.0.1,github.com/google/btree,v1.0.1,"SPDXRef-Package-gomod-github.com-google-btree-v1.0.1
"
k8s.io/metrics-v0.0.0,k8s.io/metrics,v0.0.0,"SPDXRef-Package-gomod-k8s.io-metrics-v0.0.0
"
k8s.io/pod-security-admission-v0.0.0,k8s.io/pod-security-admission,v0.0.0,"SPDXRef-Package-gomod-k8s.io-pod-security-admission-v0.0.0
"
github.com/fsnotify/fsnotify-v1.6.0,github.com/fsnotify/fsnotify,v1.6.0,"SPDXRef-Package-gomod-github.com-fsnotify-fsnotify-v1.6.0
"
go.opentelemetry.io/otel/sdk-v1.10.0,go.opentelemetry.io/otel/sdk,v1.10.0,"SPDXRef-Package-gomod-go.opentelemetry.io-otel-sdk-v1.10.0
"
github.com/gorilla/websocket-v1.5.0,github.com/gorilla/websocket,v1.5.0,"SPDXRef-Package-gomod-github.com-gorilla-websocket-v1.5.0
"
github.com/exponent-io/jsonpath-v0.0.0-20151013193312-d6023ce2651d,github.com/exponent-io/jsonpath,v0.0.0-20151013193312-d6023ce2651d,"SPDXRef-Package-gomod-github.com-exponent-io-jsonpath-v0.0.0-20151013193312-d6023ce2651d
"
github.com/Azure/go-autorest/autorest/adal-v0.9.23,github.com/Azure/go-autorest/autorest/adal,v0.9.23,"SPDXRef-Package-gomod-github.com-Azure-go-autorest-autorest-adal-v0.9.23
"
github.com/google/go-cmp-v0.5.9,github.com/google/go-cmp,v0.5.9,"SPDXRef-Package-gomod-github.com-google-go-cmp-v0.5.9
"
go.etcd.io/etcd/client/v2-v2.305.9,go.etcd.io/etcd/client/v2,v2.305.9,"SPDXRef-Package-gomod-go.etcd.io-etcd-client-v2-v2.305.9
"
github.com/onsi/ginkgo/v2-v2.9.4,github.com/onsi/ginkgo/v2,v2.9.4,"SPDXRef-Package-gomod-github.com-onsi-ginkgo-v2-v2.9.4
"
github.com/google/shlex-v0.0.0-20191202100458-e7afc7fbc510,github.com/google/shlex,v0.0.0-20191202100458-e7afc7fbc510,"SPDXRef-Package-gomod-github.com-google-shlex-v0.0.0-20191202100458-e7afc7fbc510
"
github.com/rubiojr/go-vhd-v0.0.0-20200706105327-02e210299021,github.com/rubiojr/go-vhd,v0.0.0-20200706105327-02e210299021,"SPDXRef-Package-gomod-github.com-rubiojr-go-vhd-v0.0.0-20200706105327-02e210299021
"
github.com/grpc-ecosystem/go-grpc-middleware-v1.3.0,github.com/grpc-ecosystem/go-grpc-middleware,v1.3.0,"SPDXRef-Package-gomod-github.com-grpc-ecosystem-go-grpc-middleware-v1.3.0
"
golang.org/x/time-v0.3.0,golang.org/x/time,v0.3.0,"SPDXRef-Package-gomod-golang.org-x-time-v0.3.0
"
github.com/armon/circbuf-v0.0.0-20150827004946-bbbad097214e,github.com/armon/circbuf,v0.0.0-20150827004946-bbbad097214e,"SPDXRef-Package-gomod-github.com-armon-circbuf-v0.0.0-20150827004946-bbbad097214e
"
golang.org/x/term-v0.10.0,golang.org/x/term,v0.10.0,"SPDXRef-Package-gomod-golang.org-x-term-v0.10.0
"
gopkg.in/warnings.v0-v0.1.2,gopkg.in/warnings.v0,v0.1.2,"SPDXRef-Package-gomod-gopkg.in-warnings.v0-v0.1.2
"
github.com/cyphar/filepath-securejoin-v0.2.3,github.com/cyphar/filepath-securejoin,v0.2.3,"SPDXRef-Package-gomod-github.com-cyphar-filepath-securejoin-v0.2.3
"
github.com/coreos/go-systemd/v22-v22.5.0,github.com/coreos/go-systemd/v22,v22.5.0,"SPDXRef-Package-gomod-github.com-coreos-go-systemd-v22-v22.5.0
"
k8s.io/legacy-cloud-providers-v0.0.0,k8s.io/legacy-cloud-providers,v0.0.0,"SPDXRef-Package-gomod-k8s.io-legacy-cloud-providers-v0.0.0
"
github.com/grpc-ecosystem/go-grpc-prometheus-v1.2.0,github.com/grpc-ecosystem/go-grpc-prometheus,v1.2.0,"SPDXRef-Package-gomod-github.com-grpc-ecosystem-go-grpc-prometheus-v1.2.0
"
go.etcd.io/bbolt-v1.3.7,go.etcd.io/bbolt,v1.3.7,"SPDXRef-Package-gomod-go.etcd.io-bbolt-v1.3.7
"
k8s.io/kube-controller-manager-v0.0.0,k8s.io/kube-controller-manager,v0.0.0,"SPDXRef-Package-gomod-k8s.io-kube-controller-manager-v0.0.0
"
github.com/moby/spdystream-v0.2.0,github.com/moby/spdystream,v0.2.0,"SPDXRef-Package-gomod-github.com-moby-spdystream-v0.2.0
"
github.com/golang-jwt/jwt/v4-v4.5.0,github.com/golang-jwt/jwt/v4,v4.5.0,"SPDXRef-Package-gomod-github.com-golang-jwt-jwt-v4-v4.5.0
"
go.starlark.net-v0.0.0-20230525235612-a134d8f9ddca,go.starlark.net,v0.0.0-20230525235612-a134d8f9ddca,"SPDXRef-Package-gomod-go.starlark.net-v0.0.0-20230525235612-a134d8f9ddca
"
github.com/daviddengcn/go-colortext-v1.0.0,github.com/daviddengcn/go-colortext,v1.0.0,"SPDXRef-Package-gomod-github.com-daviddengcn-go-colortext-v1.0.0
"
google.golang.org/genproto/googleapis/api-v0.0.0-20230525234035-dd9d682886f9,google.golang.org/genproto/googleapis/api,v0.0.0-20230525234035-dd9d682886f9,"SPDXRef-Package-gomod-google.golang.org-genproto-googleapis-api-v0.0.0-20230525234035-dd9d682886f9
"
go.etcd.io/etcd/client/v3-v3.5.9,go.etcd.io/etcd/client/v3,v3.5.9,"SPDXRef-Package-gomod-go.etcd.io-etcd-client-v3-v3.5.9
"
github.com/russross/blackfriday/v2-v2.1.0,github.com/russross/blackfriday/v2,v2.1.0,"SPDXRef-Package-gomod-github.com-russross-blackfriday-v2-v2.1.0
"
github.com/google/cel-go-v0.16.1,github.com/google/cel-go,v0.16.1,"SPDXRef-Package-gomod-github.com-google-cel-go-v0.16.1
"
k8s.io/utils-v0.0.0-20230406110748-d93618cff8a2,k8s.io/utils,v0.0.0-20230406110748-d93618cff8a2,"SPDXRef-Package-gomod-k8s.io-utils-v0.0.0-20230406110748-d93618cff8a2
"
github.com/vmware/govmomi-v0.30.0,github.com/vmware/govmomi,v0.30.0,"SPDXRef-Package-gomod-github.com-vmware-govmomi-v0.30.0
"
google.golang.org/protobuf-v1.30.0,google.golang.org/protobuf,v1.30.0,"SPDXRef-Package-gomod-google.golang.org-protobuf-v1.30.0
"
github.com/opencontainers/selinux-v1.10.0,github.com/opencontainers/selinux,v1.10.0,"SPDXRef-Package-gomod-github.com-opencontainers-selinux-v1.10.0
"
sigs.k8s.io/structured-merge-diff/v4-v4.2.3,sigs.k8s.io/structured-merge-diff/v4,v4.2.3,"SPDXRef-Package-gomod-sigs.k8s.io-structured-merge-diff-v4-v4.2.3
"
sigs.k8s.io/apiserver-network-proxy/konnectivity-client-v0.1.2,sigs.k8s.io/apiserver-network-proxy/konnectivity-client,v0.1.2,"SPDXRef-Package-gomod-sigs.k8s.io-apiserver-network-proxy-konnectivity-client-v0.1.2
"
github.com/docker/distribution-v2.8.2,github.com/docker/distribution,v2.8.2,"SPDXRef-Package-gomod-github.com-docker-distribution-v2.8.2C43incompatible
"
k8s.io/kube-openapi-v0.0.0-20230717233707-2695361300d9,k8s.io/kube-openapi,v0.0.0-20230717233707-2695361300d9,"SPDXRef-Package-gomod-k8s.io-kube-openapi-v0.0.0-20230717233707-2695361300d9
"
github.com/opencontainers/runc-v1.1.7,github.com/opencontainers/runc,v1.1.7,"SPDXRef-Package-gomod-github.com-opencontainers-runc-v1.1.7
"
github.com/coredns/corefile-migration-v1.0.20,github.com/coredns/corefile-migration,v1.0.20,"SPDXRef-Package-gomod-github.com-coredns-corefile-migration-v1.0.20
"
github.com/gorilla/websocket-v1.4.2,github.com/gorilla/websocket,v1.4.2,"SPDXRef-Package-gomod-github.com-gorilla-websocket-v1.4.2
"
github.com/gorilla/websocket-v0.0.0-20170926233335-4201258b820c,github.com/gorilla/websocket,v0.0.0-20170926233335-4201258b820c,"SPDXRef-Package-gomod-github.com-gorilla-websocket-v0.0.0-20170926233335-4201258b820c
"
github.com/google/gofuzz-v0.0.0-20170612174753-24818f796faf,github.com/google/gofuzz,v0.0.0-20170612174753-24818f796faf,"SPDXRef-Package-gomod-github.com-google-gofuzz-v0.0.0-20170612174753-24818f796faf
"
github.com/evanphx/json-patch-v0.0.0-20190203023257-5858425f7550,github.com/evanphx/json-patch,v0.0.0-20190203023257-5858425f7550,"SPDXRef-Package-gomod-github.com-evanphx-json-patch-v0.0.0-20190203023257-5858425f7550
"
github.com/googleapis/gnostic-v0.0.0-20170729233727-0c5108395e2d,github.com/googleapis/gnostic,v0.0.0-20170729233727-0c5108395e2d,"SPDXRef-Package-gomod-github.com-googleapis-gnostic-v0.0.0-20170729233727-0c5108395e2d
"
github.com/MakeNowJust/heredoc-v0.0.0-20170808103936-bb23615498cd,github.com/MakeNowJust/heredoc,v0.0.0-20170808103936-bb23615498cd,"SPDXRef-Package-gomod-github.com-MakeNowJust-heredoc-v0.0.0-20170808103936-bb23615498cd
"
github.com/modern-go/reflect2-v1.0.1,github.com/modern-go/reflect2,v1.0.1,"SPDXRef-Package-gomod-github.com-modern-go-reflect2-v1.0.1
"
github.com/munnerz/goautoneg-v0.0.0-20120707110453-a547fc61f48d,github.com/munnerz/goautoneg,v0.0.0-20120707110453-a547fc61f48d,"SPDXRef-Package-gomod-github.com-munnerz-goautoneg-v0.0.0-20120707110453-a547fc61f48d
"
github.com/coreos/go-semver-v0.0.0-20180108230905-e214231b295a,github.com/coreos/go-semver,v0.0.0-20180108230905-e214231b295a,"SPDXRef-Package-gomod-github.com-coreos-go-semver-v0.0.0-20180108230905-e214231b295a
"
golang.org/x/time-v0.0.0-20161028155119-f51c12702a4d,golang.org/x/time,v0.0.0-20161028155119-f51c12702a4d,"SPDXRef-Package-gomod-golang.org-x-time-v0.0.0-20161028155119-f51c12702a4d
"
github.com/rancher/go-rancher-v0.0.0-20160922212217-09693a8743ba,github.com/rancher/go-rancher,v0.0.0-20160922212217-09693a8743ba,"SPDXRef-Package-gomod-github.com-rancher-go-rancher-v0.0.0-20160922212217-09693a8743ba
"
github.com/container-storage-interface/spec-v1.1.0,github.com/container-storage-interface/spec,v1.1.0,"SPDXRef-Package-gomod-github.com-container-storage-interface-spec-v1.1.0
"
github.com/google/cadvisor-v0.33.2-0.20190411163913-9db8c7dee20a,github.com/google/cadvisor,v0.33.2-0.20190411163913-9db8c7dee20a,"SPDXRef-Package-gomod-github.com-google-cadvisor-v0.33.2-0.20190411163913-9db8c7dee20a
"
github.com/containerd/console-v0.0.0-20170925154832-84eeaae905fa,github.com/containerd/console,v0.0.0-20170925154832-84eeaae905fa,"SPDXRef-Package-gomod-github.com-containerd-console-v0.0.0-20170925154832-84eeaae905fa
"
github.com/ugorji/go-v0.0.0-20171019201919-bdcc60b419d1,github.com/ugorji/go,v0.0.0-20171019201919-bdcc60b419d1,"SPDXRef-Package-gomod-github.com-ugorji-go-v0.0.0-20171019201919-bdcc60b419d1
"
golang.org/x/text-v0.3.1-0.20181227161524-e6919f6577db,golang.org/x/text,v0.3.1-0.20181227161524-e6919f6577db,"SPDXRef-Package-gomod-golang.org-x-text-v0.3.1-0.20181227161524-e6919f6577db
"
github.com/hashicorp/golang-lru-v0.5.0,github.com/hashicorp/golang-lru,v0.5.0,"SPDXRef-Package-gomod-github.com-hashicorp-golang-lru-v0.5.0
"
github.com/cloudflare/cfssl-v0.0.0-20180726162950-56268a613adf,github.com/cloudflare/cfssl,v0.0.0-20180726162950-56268a613adf,"SPDXRef-Package-gomod-github.com-cloudflare-cfssl-v0.0.0-20180726162950-56268a613adf
"
github.com/go-openapi/errors-v0.17.2,github.com/go-openapi/errors,v0.17.2,"SPDXRef-Package-gomod-github.com-go-openapi-errors-v0.17.2
"
github.com/go-openapi/validate-v0.18.0,github.com/go-openapi/validate,v0.18.0,"SPDXRef-Package-gomod-github.com-go-openapi-validate-v0.18.0
"
github.com/Azure/azure-sdk-for-go-v21.3.0,github.com/Azure/azure-sdk-for-go,v21.3.0,"SPDXRef-Package-gomod-github.com-Azure-azure-sdk-for-go-v21.3.0C43incompatible
"
github.com/vishvananda/netns-v0.0.0-20171111001504-be1fbeda1936,github.com/vishvananda/netns,v0.0.0-20171111001504-be1fbeda1936,"SPDXRef-Package-gomod-github.com-vishvananda-netns-v0.0.0-20171111001504-be1fbeda1936
"
github.com/spf13/cobra-v0.0.0-20180319062004-c439c4fa0937,github.com/spf13/cobra,v0.0.0-20180319062004-c439c4fa0937,"SPDXRef-Package-gomod-github.com-spf13-cobra-v0.0.0-20180319062004-c439c4fa0937
"
github.com/d2g/dhcp4client-v0.0.0-20170829104524-6e570ed0a266,github.com/d2g/dhcp4client,v0.0.0-20170829104524-6e570ed0a266,"SPDXRef-Package-gomod-github.com-d2g-dhcp4client-v0.0.0-20170829104524-6e570ed0a266
"
github.com/jmespath/go-jmespath-v0.0.0-20180206201540-c2b33e8439af,github.com/jmespath/go-jmespath,v0.0.0-20180206201540-c2b33e8439af,"SPDXRef-Package-gomod-github.com-jmespath-go-jmespath-v0.0.0-20180206201540-c2b33e8439af
"
github.com/coreos/etcd-v3.3.10,github.com/coreos/etcd,v3.3.10,"SPDXRef-Package-gomod-github.com-coreos-etcd-v3.3.10C43incompatible
"
github.com/containernetworking/cni-v0.6.0,github.com/containernetworking/cni,v0.6.0,"SPDXRef-Package-gomod-github.com-containernetworking-cni-v0.6.0
"
github.com/go-openapi/swag-v0.17.2,github.com/go-openapi/swag,v0.17.2,"SPDXRef-Package-gomod-github.com-go-openapi-swag-v0.17.2
"
github.com/golang/mock-v0.0.0-20160127222235-bd3c8e81be01,github.com/golang/mock,v0.0.0-20160127222235-bd3c8e81be01,"SPDXRef-Package-gomod-github.com-golang-mock-v0.0.0-20160127222235-bd3c8e81be01
"
github.com/mindprince/gonvml-v0.0.0-20171110221305-fee913ce8fb2,github.com/mindprince/gonvml,v0.0.0-20171110221305-fee913ce8fb2,"SPDXRef-Package-gomod-github.com-mindprince-gonvml-v0.0.0-20171110221305-fee913ce8fb2
"
github.com/mailru/easyjson-v0.0.0-20180823135443-60711f1a8329,github.com/mailru/easyjson,v0.0.0-20180823135443-60711f1a8329,"SPDXRef-Package-gomod-github.com-mailru-easyjson-v0.0.0-20180823135443-60711f1a8329
"
golang.org/x/crypto-v0.0.0-20181025213731-e84da0312774,golang.org/x/crypto,v0.0.0-20181025213731-e84da0312774,"SPDXRef-Package-gomod-golang.org-x-crypto-v0.0.0-20181025213731-e84da0312774
"
github.com/daviddengcn/go-colortext-v0.0.0-20160507010035-511bcaf42ccd,github.com/daviddengcn/go-colortext,v0.0.0-20160507010035-511bcaf42ccd,"SPDXRef-Package-gomod-github.com-daviddengcn-go-colortext-v0.0.0-20160507010035-511bcaf42ccd
"
github.com/vmware/photon-controller-go-sdk-v0.0.0-20170310013346-4a435daef6cc,github.com/vmware/photon-controller-go-sdk,v0.0.0-20170310013346-4a435daef6cc,"SPDXRef-Package-gomod-github.com-vmware-photon-controller-go-sdk-v0.0.0-20170310013346-4a435daef6cc
"
github.com/go-openapi/strfmt-v0.17.0,github.com/go-openapi/strfmt,v0.17.0,"SPDXRef-Package-gomod-github.com-go-openapi-strfmt-v0.17.0
"
github.com/globalsign/mgo-v0.0.0-20181015135952-eeefdecb41b8,github.com/globalsign/mgo,v0.0.0-20181015135952-eeefdecb41b8,"SPDXRef-Package-gomod-github.com-globalsign-mgo-v0.0.0-20181015135952-eeefdecb41b8
"
github.com/golang/groupcache-v0.0.0-20160516000752-02826c3e7903,github.com/golang/groupcache,v0.0.0-20160516000752-02826c3e7903,"SPDXRef-Package-gomod-github.com-golang-groupcache-v0.0.0-20160516000752-02826c3e7903
"
sigs.k8s.io/yaml-v1.1.0,sigs.k8s.io/yaml,v1.1.0,"SPDXRef-Package-gomod-sigs.k8s.io-yaml-v1.1.0
"
github.com/asaskevich/govalidator-v0.0.0-20180720115003-f9ffefc3facf,github.com/asaskevich/govalidator,v0.0.0-20180720115003-f9ffefc3facf,"SPDXRef-Package-gomod-github.com-asaskevich-govalidator-v0.0.0-20180720115003-f9ffefc3facf
"
github.com/spf13/pflag-v1.0.1,github.com/spf13/pflag,v1.0.1,"SPDXRef-Package-gomod-github.com-spf13-pflag-v1.0.1
"
github.com/mistifyio/go-zfs-v0.0.0-20151009155749-1b4ae6fb4e77,github.com/mistifyio/go-zfs,v0.0.0-20151009155749-1b4ae6fb4e77,"SPDXRef-Package-gomod-github.com-mistifyio-go-zfs-v0.0.0-20151009155749-1b4ae6fb4e77
"
github.com/go-openapi/runtime-v0.17.2,github.com/go-openapi/runtime,v0.17.2,"SPDXRef-Package-gomod-github.com-go-openapi-runtime-v0.17.2
"
github.com/mrunalp/fileutils-v0.0.0-20160930181131-4ee1cc9a8058,github.com/mrunalp/fileutils,v0.0.0-20160930181131-4ee1cc9a8058,"SPDXRef-Package-gomod-github.com-mrunalp-fileutils-v0.0.0-20160930181131-4ee1cc9a8058
"
github.com/marstr/guid-v0.0.0-20170427235115-8bdf7d1a087c,github.com/marstr/guid,v0.0.0-20170427235115-8bdf7d1a087c,"SPDXRef-Package-gomod-github.com-marstr-guid-v0.0.0-20170427235115-8bdf7d1a087c
"
github.com/clusterhq/flocker-go-v0.0.0-20160920122132-2b8b7259d313,github.com/clusterhq/flocker-go,v0.0.0-20160920122132-2b8b7259d313,"SPDXRef-Package-gomod-github.com-clusterhq-flocker-go-v0.0.0-20160920122132-2b8b7259d313
"
gopkg.in/inf.v0-v0.9.0,gopkg.in/inf.v0,v0.9.0,"SPDXRef-Package-gomod-gopkg.in-inf.v0-v0.9.0
"
github.com/cyphar/filepath-securejoin-v0.0.0-20170720062807-ae69057f2299,github.com/cyphar/filepath-securejoin,v0.0.0-20170720062807-ae69057f2299,"SPDXRef-Package-gomod-github.com-cyphar-filepath-securejoin-v0.0.0-20170720062807-ae69057f2299
"
github.com/spf13/afero-v0.0.0-20160816080757-b28a7effac97,github.com/spf13/afero,v0.0.0-20160816080757-b28a7effac97,"SPDXRef-Package-gomod-github.com-spf13-afero-v0.0.0-20160816080757-b28a7effac97
"
github.com/pelletier/go-toml-v1.2.0,github.com/pelletier/go-toml,v1.2.0,"SPDXRef-Package-gomod-github.com-pelletier-go-toml-v1.2.0
"
github.com/emicklei/go-restful-v0.0.0-20170410110728-ff4f55a20633,github.com/emicklei/go-restful,v0.0.0-20170410110728-ff4f55a20633,"SPDXRef-Package-gomod-github.com-emicklei-go-restful-v0.0.0-20170410110728-ff4f55a20633
"
google.golang.org/grpc-v1.13.0,google.golang.org/grpc,v1.13.0,"SPDXRef-Package-gomod-google.golang.org-grpc-v1.13.0
"
github.com/PuerkitoBio/purell-v1.1.0,github.com/PuerkitoBio/purell,v1.1.0,"SPDXRef-Package-gomod-github.com-PuerkitoBio-purell-v1.1.0
"
github.com/go-openapi/jsonreference-v0.19.0,github.com/go-openapi/jsonreference,v0.19.0,"SPDXRef-Package-gomod-github.com-go-openapi-jsonreference-v0.19.0
"
go.uber.org/atomic-v0.0.0-20181018215023-8dc6146f7569,go.uber.org/atomic,v0.0.0-20181018215023-8dc6146f7569,"SPDXRef-Package-gomod-go.uber.org-atomic-v0.0.0-20181018215023-8dc6146f7569
"
github.com/docker/go-connections-v0.3.0,github.com/docker/go-connections,v0.3.0,"SPDXRef-Package-gomod-github.com-docker-go-connections-v0.3.0
"
github.com/stretchr/objx-v0.1.1,github.com/stretchr/objx,v0.1.1,"SPDXRef-Package-gomod-github.com-stretchr-objx-v0.1.1
"
github.com/sirupsen/logrus-v1.2.0,github.com/sirupsen/logrus,v1.2.0,"SPDXRef-Package-gomod-github.com-sirupsen-logrus-v1.2.0
"
github.com/cpuguy83/go-md2man-v1.0.4,github.com/cpuguy83/go-md2man,v1.0.4,"SPDXRef-Package-gomod-github.com-cpuguy83-go-md2man-v1.0.4
"
gonum.org/v1/gonum-v0.0.0-20190331200053-3d26580ed485,gonum.org/v1/gonum,v0.0.0-20190331200053-3d26580ed485,"SPDXRef-Package-gomod-gonum.org-v1-gonum-v0.0.0-20190331200053-3d26580ed485
"
github.com/mholt/caddy-v0.0.0-20180213163048-2de495001514,github.com/mholt/caddy,v0.0.0-20180213163048-2de495001514,"SPDXRef-Package-gomod-github.com-mholt-caddy-v0.0.0-20180213163048-2de495001514
"
github.com/fsnotify/fsnotify-v1.4.7,github.com/fsnotify/fsnotify,v1.4.7,"SPDXRef-Package-gomod-github.com-fsnotify-fsnotify-v1.4.7
"
github.com/prometheus/procfs-v0.0.0-20181204211112-1dc9a6cbc91a,github.com/prometheus/procfs,v0.0.0-20181204211112-1dc9a6cbc91a,"SPDXRef-Package-gomod-github.com-prometheus-procfs-v0.0.0-20181204211112-1dc9a6cbc91a
"
github.com/robfig/cron-v0.0.0-20170309132418-df38d32658d8,github.com/robfig/cron,v0.0.0-20170309132418-df38d32658d8,"SPDXRef-Package-gomod-github.com-robfig-cron-v0.0.0-20170309132418-df38d32658d8
"
github.com/docker/go-units-v0.3.3,github.com/docker/go-units,v0.3.3,"SPDXRef-Package-gomod-github.com-docker-go-units-v0.3.3
"
gopkg.in/square/go-jose.v2-v2.0.0-20180411045311-89060dee6a84,gopkg.in/square/go-jose.v2,v2.0.0-20180411045311-89060dee6a84,"SPDXRef-Package-gomod-gopkg.in-square-go-jose.v2-v2.0.0-20180411045311-89060dee6a84
"
google.golang.org/api-v0.0.0-20181220000619-583d854617af,google.golang.org/api,v0.0.0-20181220000619-583d854617af,"SPDXRef-Package-gomod-google.golang.org-api-v0.0.0-20181220000619-583d854617af
"
github.com/prometheus/client_model-v0.0.0-20180712105110-5c3871d89910,github.com/prometheus/client_model,v0.0.0-20180712105110-5c3871d89910,"SPDXRef-Package-gomod-github.com-prometheus-clientC95model-v0.0.0-20180712105110-5c3871d89910
"
github.com/morikuni/aec-v0.0.0-20170113033406-39771216ff4c,github.com/morikuni/aec,v0.0.0-20170113033406-39771216ff4c,"SPDXRef-Package-gomod-github.com-morikuni-aec-v0.0.0-20170113033406-39771216ff4c
"
github.com/vishvananda/netlink-v0.0.0-20171020171820-b2de5d10e38e,github.com/vishvananda/netlink,v0.0.0-20171020171820-b2de5d10e38e,"SPDXRef-Package-gomod-github.com-vishvananda-netlink-v0.0.0-20171020171820-b2de5d10e38e
"
github.com/kardianos/osext-v0.0.0-20150410034420-8fef92e41e22,github.com/kardianos/osext,v0.0.0-20150410034420-8fef92e41e22,"SPDXRef-Package-gomod-github.com-kardianos-osext-v0.0.0-20150410034420-8fef92e41e22
"
github.com/satori/go.uuid-v1.2.0,github.com/satori/go.uuid,v1.2.0,"SPDXRef-Package-gomod-github.com-satori-go.uuid-v1.2.0
"
github.com/aws/aws-sdk-go-v1.16.26,github.com/aws/aws-sdk-go,v1.16.26,"SPDXRef-Package-gomod-github.com-aws-aws-sdk-go-v1.16.26
"
github.com/opencontainers/selinux-v0.0.0-20170621221121-4a2974bf1ee9,github.com/opencontainers/selinux,v0.0.0-20170621221121-4a2974bf1ee9,"SPDXRef-Package-gomod-github.com-opencontainers-selinux-v0.0.0-20170621221121-4a2974bf1ee9
"
github.com/go-openapi/spec-v0.17.2,github.com/go-openapi/spec,v0.17.2,"SPDXRef-Package-gomod-github.com-go-openapi-spec-v0.17.2
"
github.com/pquerna/cachecontrol-v0.0.0-20171018203845-0dec1b30a021,github.com/pquerna/cachecontrol,v0.0.0-20171018203845-0dec1b30a021,"SPDXRef-Package-gomod-github.com-pquerna-cachecontrol-v0.0.0-20171018203845-0dec1b30a021
"
github.com/ghodss/yaml-v0.0.0-20180820084758-c7ce16629ff4,github.com/ghodss/yaml,v0.0.0-20180820084758-c7ce16629ff4,"SPDXRef-Package-gomod-github.com-ghodss-yaml-v0.0.0-20180820084758-c7ce16629ff4
"
github.com/russross/blackfriday-v0.0.0-20151117072312-300106c228d5,github.com/russross/blackfriday,v0.0.0-20151117072312-300106c228d5,"SPDXRef-Package-gomod-github.com-russross-blackfriday-v0.0.0-20151117072312-300106c228d5
"
github.com/hashicorp/hcl-v0.0.0-20160711231752-d8c773c4cba1,github.com/hashicorp/hcl,v0.0.0-20160711231752-d8c773c4cba1,"SPDXRef-Package-gomod-github.com-hashicorp-hcl-v0.0.0-20160711231752-d8c773c4cba1
"
github.com/onsi/ginkgo-v1.6.0,github.com/onsi/ginkgo,v1.6.0,"SPDXRef-Package-gomod-github.com-onsi-ginkgo-v1.6.0
"
golang.org/x/oauth2-v0.0.0-20170412232759-a6bd8cefa181,golang.org/x/oauth2,v0.0.0-20170412232759-a6bd8cefa181,"SPDXRef-Package-gomod-golang.org-x-oauth2-v0.0.0-20170412232759-a6bd8cefa181
"
github.com/storageos/go-api-v0.0.0-20180912212459-343b3eff91fc,github.com/storageos/go-api,v0.0.0-20180912212459-343b3eff91fc,"SPDXRef-Package-gomod-github.com-storageos-go-api-v0.0.0-20180912212459-343b3eff91fc
"
golang.org/x/tools-v0.0.0-20190328211700-ab21143f2384,golang.org/x/tools,v0.0.0-20190328211700-ab21143f2384,"SPDXRef-Package-gomod-golang.org-x-tools-v0.0.0-20190328211700-ab21143f2384
"
github.com/json-iterator/go-v0.0.0-20180701071628-ab8a2e0c74be,github.com/json-iterator/go,v0.0.0-20180701071628-ab8a2e0c74be,"SPDXRef-Package-gomod-github.com-json-iterator-go-v0.0.0-20180701071628-ab8a2e0c74be
"
github.com/mitchellh/go-wordwrap-v0.0.0-20150314170334-ad45545899c7,github.com/mitchellh/go-wordwrap,v0.0.0-20150314170334-ad45545899c7,"SPDXRef-Package-gomod-github.com-mitchellh-go-wordwrap-v0.0.0-20150314170334-ad45545899c7
"
github.com/elazarl/goproxy-v0.0.0-20170405201442-c4fc26588b6e,github.com/elazarl/goproxy,v0.0.0-20170405201442-c4fc26588b6e,"SPDXRef-Package-gomod-github.com-elazarl-goproxy-v0.0.0-20170405201442-c4fc26588b6e
"
github.com/dgrijalva/jwt-go-v0.0.0-20160705203006-01aeca54ebda,github.com/dgrijalva/jwt-go,v0.0.0-20160705203006-01aeca54ebda,"SPDXRef-Package-gomod-github.com-dgrijalva-jwt-go-v0.0.0-20160705203006-01aeca54ebda
"
github.com/kr/fs-v0.0.0-20131111012553-2788f0dbd169,github.com/kr/fs,v0.0.0-20131111012553-2788f0dbd169,"SPDXRef-Package-gomod-github.com-kr-fs-v0.0.0-20131111012553-2788f0dbd169
"
github.com/prometheus/client_golang-v0.9.2,github.com/prometheus/client_golang,v0.9.2,"SPDXRef-Package-gomod-github.com-prometheus-clientC95golang-v0.9.2
"
github.com/gophercloud/gophercloud-v0.0.0-20190126172459-c818fa66e4c8,github.com/gophercloud/gophercloud,v0.0.0-20190126172459-c818fa66e4c8,"SPDXRef-Package-gomod-github.com-gophercloud-gophercloud-v0.0.0-20190126172459-c818fa66e4c8
"
github.com/heketi/heketi-v0.0.0-20181109135656-558b29266ce0,github.com/heketi/heketi,v0.0.0-20181109135656-558b29266ce0,"SPDXRef-Package-gomod-github.com-heketi-heketi-v0.0.0-20181109135656-558b29266ce0
"
github.com/prometheus/common-v0.0.0-20181126121408-4724e9255275,github.com/prometheus/common,v0.0.0-20181126121408-4724e9255275,"SPDXRef-Package-gomod-github.com-prometheus-common-v0.0.0-20181126121408-4724e9255275
"
gopkg.in/gcfg.v1-v1.2.0,gopkg.in/gcfg.v1,v1.2.0,"SPDXRef-Package-gomod-gopkg.in-gcfg.v1-v1.2.0
"
github.com/godbus/dbus-v0.0.0-20151105175453-c7fdd8b5cd55,github.com/godbus/dbus,v0.0.0-20151105175453-c7fdd8b5cd55,"SPDXRef-Package-gomod-github.com-godbus-dbus-v0.0.0-20151105175453-c7fdd8b5cd55
"
github.com/opencontainers/runtime-spec-v1.0.0,github.com/opencontainers/runtime-spec,v1.0.0,"SPDXRef-Package-gomod-github.com-opencontainers-runtime-spec-v1.0.0
"
github.com/pborman/uuid-v1.2.0,github.com/pborman/uuid,v1.2.0,"SPDXRef-Package-gomod-github.com-pborman-uuid-v1.2.0
"
github.com/beorn7/perks-v0.0.0-20180321164747-3a771d992973,github.com/beorn7/perks,v0.0.0-20180321164747-3a771d992973,"SPDXRef-Package-gomod-github.com-beorn7-perks-v0.0.0-20180321164747-3a771d992973
"
github.com/google/uuid-v1.0.0,github.com/google/uuid,v1.0.0,"SPDXRef-Package-gomod-github.com-google-uuid-v1.0.0
"
github.com/pkg/sftp-v0.0.0-20160930220758-4d0e916071f6,github.com/pkg/sftp,v0.0.0-20160930220758-4d0e916071f6,"SPDXRef-Package-gomod-github.com-pkg-sftp-v0.0.0-20160930220758-4d0e916071f6
"
github.com/containerd/containerd-v1.0.2,github.com/containerd/containerd,v1.0.2,"SPDXRef-Package-gomod-github.com-containerd-containerd-v1.0.2
"
gopkg.in/natefinch/lumberjack.v2-v2.0.0-20150622162204-20b71e5b60d7,gopkg.in/natefinch/lumberjack.v2,v2.0.0-20150622162204-20b71e5b60d7,"SPDXRef-Package-gomod-gopkg.in-natefinch-lumberjack.v2-v2.0.0-20150622162204-20b71e5b60d7
"
github.com/stretchr/testify-v1.2.2,github.com/stretchr/testify,v1.2.2,"SPDXRef-Package-gomod-github.com-stretchr-testify-v1.2.2
"
github.com/fatih/camelcase-v0.0.0-20160318181535-f6a740d52f96,github.com/fatih/camelcase,v0.0.0-20160318181535-f6a740d52f96,"SPDXRef-Package-gomod-github.com-fatih-camelcase-v0.0.0-20160318181535-f6a740d52f96
"
sigs.k8s.io/structured-merge-diff-v0.0.0-20190302045857-e85c7b244fd2,sigs.k8s.io/structured-merge-diff,v0.0.0-20190302045857-e85c7b244fd2,"SPDXRef-Package-gomod-sigs.k8s.io-structured-merge-diff-v0.0.0-20190302045857-e85c7b244fd2
"
github.com/vmware/govmomi-v0.20.0,github.com/vmware/govmomi,v0.20.0,"SPDXRef-Package-gomod-github.com-vmware-govmomi-v0.20.0
"
github.com/go-openapi/analysis-v0.17.2,github.com/go-openapi/analysis,v0.17.2,"SPDXRef-Package-gomod-github.com-go-openapi-analysis-v0.17.2
"
google.golang.org/genproto-v0.0.0-20170731182057-09f6ed296fc6,google.golang.org/genproto,v0.0.0-20170731182057-09f6ed296fc6,"SPDXRef-Package-gomod-google.golang.org-genproto-v0.0.0-20170731182057-09f6ed296fc6
"
golang.org/x/sys-v0.0.0-20190312061237-fead79001313,golang.org/x/sys,v0.0.0-20190312061237-fead79001313,"SPDXRef-Package-gomod-golang.org-x-sys-v0.0.0-20190312061237-fead79001313
"
github.com/PuerkitoBio/urlesc-v0.0.0-20170810143723-de5bf2ad4578,github.com/PuerkitoBio/urlesc,v0.0.0-20170810143723-de5bf2ad4578,"SPDXRef-Package-gomod-github.com-PuerkitoBio-urlesc-v0.0.0-20170810143723-de5bf2ad4578
"
github.com/spf13/viper-v0.0.0-20160820190039-7fb2782df3d8,github.com/spf13/viper,v0.0.0-20160820190039-7fb2782df3d8,"SPDXRef-Package-gomod-github.com-spf13-viper-v0.0.0-20160820190039-7fb2782df3d8
"
github.com/magiconair/properties-v0.0.0-20160816085511-61b492c03cf4,github.com/magiconair/properties,v0.0.0-20160816085511-61b492c03cf4,"SPDXRef-Package-gomod-github.com-magiconair-properties-v0.0.0-20160816085511-61b492c03cf4
"
bitbucket.org/bertimus9/systemstat-v0.0.0-20180207000608-0eeff89b0690,bitbucket.org/bertimus9/systemstat,v0.0.0-20180207000608-0eeff89b0690,"SPDXRef-Package-gomod-bitbucket.org-bertimus9-systemstat-v0.0.0-20180207000608-0eeff89b0690
"
github.com/blang/semver-v3.5.0,github.com/blang/semver,v3.5.0,"SPDXRef-Package-gomod-github.com-blang-semver-v3.5.0C43incompatible
"
github.com/opencontainers/runc-v0.0.0-20181113202123-f000fe11ece1,github.com/opencontainers/runc,v0.0.0-20181113202123-f000fe11ece1,"SPDXRef-Package-gomod-github.com-opencontainers-runc-v0.0.0-20181113202123-f000fe11ece1
"
github.com/quobyte/api-v0.1.2,github.com/quobyte/api,v0.1.2,"SPDXRef-Package-gomod-github.com-quobyte-api-v0.1.2
"
github.com/go-ozzo/ozzo-validation-v3.5.0,github.com/go-ozzo/ozzo-validation,v3.5.0,"SPDXRef-Package-gomod-github.com-go-ozzo-ozzo-validation-v3.5.0C43incompatible
"
github.com/karrick/godirwalk-v1.7.5,github.com/karrick/godirwalk,v1.7.5,"SPDXRef-Package-gomod-github.com-karrick-godirwalk-v1.7.5
"
go.uber.org/multierr-v0.0.0-20180122172545-ddea229ff1df,go.uber.org/multierr,v0.0.0-20180122172545-ddea229ff1df,"SPDXRef-Package-gomod-go.uber.org-multierr-v0.0.0-20180122172545-ddea229ff1df
"
github.com/d2g/dhcp4-v0.0.0-20170904100407-a1d1b6c41b1c,github.com/d2g/dhcp4,v0.0.0-20170904100407-a1d1b6c41b1c,"SPDXRef-Package-gomod-github.com-d2g-dhcp4-v0.0.0-20170904100407-a1d1b6c41b1c
"
github.com/onsi/gomega-v0.0.0-20190113212917-5533ce8a0da3,github.com/onsi/gomega,v0.0.0-20190113212917-5533ce8a0da3,"SPDXRef-Package-gomod-github.com-onsi-gomega-v0.0.0-20190113212917-5533ce8a0da3
"
github.com/golang/protobuf-v1.2.0,github.com/golang/protobuf,v1.2.0,"SPDXRef-Package-gomod-github.com-golang-protobuf-v1.2.0
"
github.com/GoogleCloudPlatform/k8s-cloud-provider-v0.0.0-20181220005116-f8e995905100,github.com/GoogleCloudPlatform/k8s-cloud-provider,v0.0.0-20181220005116-f8e995905100,"SPDXRef-Package-gomod-github.com-GoogleCloudPlatform-k8s-cloud-provider-v0.0.0-20181220005116-f8e995905100
"
github.com/matttproud/golang_protobuf_extensions-v1.0.1,github.com/matttproud/golang_protobuf_extensions,v1.0.1,"SPDXRef-Package-gomod-github.com-matttproud-golangC95protobufC95extensions-v1.0.1
"
github.com/mattn/go-shellwords-v0.0.0-20180605041737-f8471b0a71de,github.com/mattn/go-shellwords,v0.0.0-20180605041737-f8471b0a71de,"SPDXRef-Package-gomod-github.com-mattn-go-shellwords-v0.0.0-20180605041737-f8471b0a71de
"
github.com/imdario/mergo-v0.3.5,github.com/imdario/mergo,v0.3.5,"SPDXRef-Package-gomod-github.com-imdario-mergo-v0.3.5
"
github.com/soheilhy/cmux-v0.1.3,github.com/soheilhy/cmux,v0.1.3,"SPDXRef-Package-gomod-github.com-soheilhy-cmux-v0.1.3
"
gopkg.in/yaml.v2-v2.2.1,gopkg.in/yaml.v2,v2.2.1,"SPDXRef-Package-gomod-gopkg.in-yaml.v2-v2.2.1
"
github.com/coreos/bbolt-v1.3.1-coreos.6,github.com/coreos/bbolt,v1.3.1-coreos.6,"SPDXRef-Package-gomod-github.com-coreos-bbolt-v1.3.1-coreos.6
"
github.com/go-openapi/loads-v0.17.2,github.com/go-openapi/loads,v0.17.2,"SPDXRef-Package-gomod-github.com-go-openapi-loads-v0.17.2
"
github.com/go-openapi/jsonpointer-v0.19.0,github.com/go-openapi/jsonpointer,v0.19.0,"SPDXRef-Package-gomod-github.com-go-openapi-jsonpointer-v0.19.0
"
github.com/docker/distribution-v0.0.0-20170726174610-edc3ab29cdff,github.com/docker/distribution,v0.0.0-20170726174610-edc3ab29cdff,"SPDXRef-Package-gomod-github.com-docker-distribution-v0.0.0-20170726174610-edc3ab29cdff
"
github.com/grpc-ecosystem/go-grpc-prometheus-v0.0.0-20170330212424-2500245aa611,github.com/grpc-ecosystem/go-grpc-prometheus,v0.0.0-20170330212424-2500245aa611,"SPDXRef-Package-gomod-github.com-grpc-ecosystem-go-grpc-prometheus-v0.0.0-20170330212424-2500245aa611
"
golang.org/x/net-v0.0.0-20190206173232-65e2d4e15006,golang.org/x/net,v0.0.0-20190206173232-65e2d4e15006,"SPDXRef-Package-gomod-golang.org-x-net-v0.0.0-20190206173232-65e2d4e15006
"
cloud.google.com/go-v0.0.0-20160913182117-3b1ae45394a2,cloud.google.com/go,v0.0.0-20160913182117-3b1ae45394a2,"SPDXRef-Package-gomod-cloud.google.com-go-v0.0.0-20160913182117-3b1ae45394a2
"
github.com/shurcooL/sanitized_anchor_name-v0.0.0-20151028001915-10ef21a441db,github.com/shurcooL/sanitized_anchor_name,v0.0.0-20151028001915-10ef21a441db,"SPDXRef-Package-gomod-github.com-shurcooL-sanitizedC95anchorC95name-v0.0.0-20151028001915-10ef21a441db
"
github.com/docker/spdystream-v0.0.0-20160310174837-449fdfce4d96,github.com/docker/spdystream,v0.0.0-20160310174837-449fdfce4d96,"SPDXRef-Package-gomod-github.com-docker-spdystream-v0.0.0-20160310174837-449fdfce4d96
"
github.com/pkg/errors-v0.8.0,github.com/pkg/errors,v0.8.0,"SPDXRef-Package-gomod-github.com-pkg-errors-v0.8.0
"
github.com/mvdan/xurls-v0.0.0-20160110113200-1b768d7c393a,github.com/mvdan/xurls,v0.0.0-20160110113200-1b768d7c393a,"SPDXRef-Package-gomod-github.com-mvdan-xurls-v0.0.0-20160110113200-1b768d7c393a
"
github.com/chai2010/gettext-go-v0.0.0-20160711120539-c6fed771bfd5,github.com/chai2010/gettext-go,v0.0.0-20160711120539-c6fed771bfd5,"SPDXRef-Package-gomod-github.com-chai2010-gettext-go-v0.0.0-20160711120539-c6fed771bfd5
"
gopkg.in/warnings.v0-v0.1.1,gopkg.in/warnings.v0,v0.1.1,"SPDXRef-Package-gomod-gopkg.in-warnings.v0-v0.1.1
"
github.com/Azure/go-autorest-v11.1.0,github.com/Azure/go-autorest,v11.1.0,"SPDXRef-Package-gomod-github.com-Azure-go-autorest-v11.1.0C43incompatible
"
github.com/mitchellh/mapstructure-v1.1.2,github.com/mitchellh/mapstructure,v1.1.2,"SPDXRef-Package-gomod-github.com-mitchellh-mapstructure-v1.1.2
"
github.com/jonboulle/clockwork-v0.0.0-20141017032234-72f9bd7c4e0c,github.com/jonboulle/clockwork,v0.0.0-20141017032234-72f9bd7c4e0c,"SPDXRef-Package-gomod-github.com-jonboulle-clockwork-v0.0.0-20141017032234-72f9bd7c4e0c
"
github.com/google/btree-v0.0.0-20160524151835-7d79101e329e,github.com/google/btree,v0.0.0-20160524151835-7d79101e329e,"SPDXRef-Package-gomod-github.com-google-btree-v0.0.0-20160524151835-7d79101e329e
"
k8s.io/klog-v0.0.0-20190306015804-8e90cee79f82,k8s.io/klog,v0.0.0-20190306015804-8e90cee79f82,"SPDXRef-Package-gomod-k8s.io-klog-v0.0.0-20190306015804-8e90cee79f82
"
github.com/xanzy/go-cloudstack-v0.0.0-20160728180336-1e2cbf647e57,github.com/xanzy/go-cloudstack,v0.0.0-20160728180336-1e2cbf647e57,"SPDXRef-Package-gomod-github.com-xanzy-go-cloudstack-v0.0.0-20160728180336-1e2cbf647e57
"
github.com/coreos/go-oidc-v0.0.0-20180117170138-065b426bd416,github.com/coreos/go-oidc,v0.0.0-20180117170138-065b426bd416,"SPDXRef-Package-gomod-github.com-coreos-go-oidc-v0.0.0-20180117170138-065b426bd416
"
k8s.io/kube-openapi-v0.0.0-20190228160746-b3a7cee44a30,k8s.io/kube-openapi,v0.0.0-20190228160746-b3a7cee44a30,"SPDXRef-Package-gomod-k8s.io-kube-openapi-v0.0.0-20190228160746-b3a7cee44a30
"
sigs.k8s.io/kustomize-v2.0.3,sigs.k8s.io/kustomize,v2.0.3,"SPDXRef-Package-gomod-sigs.k8s.io-kustomize-v2.0.3C43incompatible
"
github.com/opencontainers/go-digest-v0.0.0-20170106003457-a6d0ee40d420,github.com/opencontainers/go-digest,v0.0.0-20170106003457-a6d0ee40d420,"SPDXRef-Package-gomod-github.com-opencontainers-go-digest-v0.0.0-20170106003457-a6d0ee40d420
"
github.com/miekg/dns-v0.0.0-20160614162101-5d001d020961,github.com/miekg/dns,v0.0.0-20160614162101-5d001d020961,"SPDXRef-Package-gomod-github.com-miekg-dns-v0.0.0-20160614162101-5d001d020961
"
github.com/grpc-ecosystem/grpc-gateway-v1.3.0,github.com/grpc-ecosystem/grpc-gateway,v1.3.0,"SPDXRef-Package-gomod-github.com-grpc-ecosystem-grpc-gateway-v1.3.0
"
github.com/spf13/jwalterweatherman-v0.0.0-20160311093646-33c24e77fb80,github.com/spf13/jwalterweatherman,v0.0.0-20160311093646-33c24e77fb80,"SPDXRef-Package-gomod-github.com-spf13-jwalterweatherman-v0.0.0-20160311093646-33c24e77fb80
"
github.com/syndtr/gocapability-v0.0.0-20160928074757-e7cb7fa329f4,github.com/syndtr/gocapability,v0.0.0-20160928074757-e7cb7fa329f4,"SPDXRef-Package-gomod-github.com-syndtr-gocapability-v0.0.0-20160928074757-e7cb7fa329f4
"
github.com/coreos/go-systemd-v0.0.0-20180511133405-39ca1b05acc7,github.com/coreos/go-systemd,v0.0.0-20180511133405-39ca1b05acc7,"SPDXRef-Package-gomod-github.com-coreos-go-systemd-v0.0.0-20180511133405-39ca1b05acc7
"
github.com/codedellemc/goscaleio-v0.0.0-20170830184815-20e2ce2cf885,github.com/codedellemc/goscaleio,v0.0.0-20170830184815-20e2ce2cf885,"SPDXRef-Package-gomod-github.com-codedellemc-goscaleio-v0.0.0-20170830184815-20e2ce2cf885
"
go.uber.org/zap-v0.0.0-20180814183419-67bc79d13d15,go.uber.org/zap,v0.0.0-20180814183419-67bc79d13d15,"SPDXRef-Package-gomod-go.uber.org-zap-v0.0.0-20180814183419-67bc79d13d15
"
github.com/google/certificate-transparency-go-v1.0.21,github.com/google/certificate-transparency-go,v1.0.21,"SPDXRef-Package-gomod-github.com-google-certificate-transparency-go-v1.0.21
"
github.com/gregjones/httpcache-v0.0.0-20170728041850-787624de3eb7,github.com/gregjones/httpcache,v0.0.0-20170728041850-787624de3eb7,"SPDXRef-Package-gomod-github.com-gregjones-httpcache-v0.0.0-20170728041850-787624de3eb7
"
github.com/opencontainers/image-spec-v0.0.0-20170604055404-372ad780f634,github.com/opencontainers/image-spec,v0.0.0-20170604055404-372ad780f634,"SPDXRef-Package-gomod-github.com-opencontainers-image-spec-v0.0.0-20170604055404-372ad780f634
"
github.com/grpc-ecosystem/go-grpc-middleware-v0.0.0-20190222133341-cfaf5686ec79,github.com/grpc-ecosystem/go-grpc-middleware,v0.0.0-20190222133341-cfaf5686ec79,"SPDXRef-Package-gomod-github.com-grpc-ecosystem-go-grpc-middleware-v0.0.0-20190222133341-cfaf5686ec79
"
github.com/gogo/protobuf-v0.0.0-20171007142547-342cbe0a0415,github.com/gogo/protobuf,v0.0.0-20171007142547-342cbe0a0415,"SPDXRef-Package-gomod-github.com-gogo-protobuf-v0.0.0-20171007142547-342cbe0a0415
"
github.com/tmc/grpc-websocket-proxy-v0.0.0-20170815181823-89b8d40f7ca8,github.com/tmc/grpc-websocket-proxy,v0.0.0-20170815181823-89b8d40f7ca8,"SPDXRef-Package-gomod-github.com-tmc-grpc-websocket-proxy-v0.0.0-20170815181823-89b8d40f7ca8
"
github.com/NYTimes/gziphandler-v0.0.0-20170623195520-56545f4a5d46,github.com/NYTimes/gziphandler,v0.0.0-20170623195520-56545f4a5d46,"SPDXRef-Package-gomod-github.com-NYTimes-gziphandler-v0.0.0-20170623195520-56545f4a5d46
"
github.com/libopenstorage/openstorage-v0.0.0-20170906232338-093a0c388875,github.com/libopenstorage/openstorage,v0.0.0-20170906232338-093a0c388875,"SPDXRef-Package-gomod-github.com-libopenstorage-openstorage-v0.0.0-20170906232338-093a0c388875
"
github.com/docker/docker-v0.7.3-0.20190327010347-be7ac8be2ae0,github.com/docker/docker,v0.7.3-0.20190327010347-be7ac8be2ae0,"SPDXRef-Package-gomod-github.com-docker-docker-v0.7.3-0.20190327010347-be7ac8be2ae0
"
github.com/rubiojr/go-vhd-v0.0.0-20160810183302-0bfd3b39853c,github.com/rubiojr/go-vhd,v0.0.0-20160810183302-0bfd3b39853c,"SPDXRef-Package-gomod-github.com-rubiojr-go-vhd-v0.0.0-20160810183302-0bfd3b39853c
"
github.com/sigma/go-inotify-v0.0.0-20181102212354-c87b6cf5033d,github.com/sigma/go-inotify,v0.0.0-20181102212354-c87b6cf5033d,"SPDXRef-Package-gomod-github.com-sigma-go-inotify-v0.0.0-20181102212354-c87b6cf5033d
"
k8s.io/heapster-v1.2.0-beta.1,k8s.io/heapster,v1.2.0-beta.1,"SPDXRef-Package-gomod-k8s.io-heapster-v1.2.0-beta.1
"
github.com/spf13/cast-v0.0.0-20160730092037-e31f36ffc91a,github.com/spf13/cast,v0.0.0-20160730092037-e31f36ffc91a,"SPDXRef-Package-gomod-github.com-spf13-cast-v0.0.0-20160730092037-e31f36ffc91a
"
k8s.io/utils-v0.0.0-20190221042446-c2654d5206da,k8s.io/utils,v0.0.0-20190221042446-c2654d5206da,"SPDXRef-Package-gomod-k8s.io-utils-v0.0.0-20190221042446-c2654d5206da
"
github.com/docker/libnetwork-v0.0.0-20180830151422-a9cd636e3789,github.com/docker/libnetwork,v0.0.0-20180830151422-a9cd636e3789,"SPDXRef-Package-gomod-github.com-docker-libnetwork-v0.0.0-20180830151422-a9cd636e3789
"
github.com/coreos/pkg-v0.0.0-20180108230652-97fdf19511ea,github.com/coreos/pkg,v0.0.0-20180108230652-97fdf19511ea,"SPDXRef-Package-gomod-github.com-coreos-pkg-v0.0.0-20180108230652-97fdf19511ea
"
github.com/xiang90/probing-v0.0.0-20160813154853-07dd2e8dfe18,github.com/xiang90/probing,v0.0.0-20160813154853-07dd2e8dfe18,"SPDXRef-Package-gomod-github.com-xiang90-probing-v0.0.0-20160813154853-07dd2e8dfe18
"
